Timestamp,Hour,Day,Vibration_Level,Usage_Frequency,Temperature,Usage_Label
2025-02-16 00:38:40.624328,0,6,1407.0548733323585,0.22231949756575392,26.69086291710252,Low Usage
2025-02-16 01:08:40.624328,1,6,2075.6902311251383,0.34722310409099194,26.84852974508998,Low Usage
2025-02-16 01:38:40.624328,1,6,2213.5170277003576,0.18258600135117,24.350436237849717,Low Usage
2025-02-16 02:08:40.624328,2,6,2026.9843340426737,0.17356028779060031,25.086238500309438,Low Usage
2025-02-16 02:38:40.624328,2,6,2074.1012098751726,0.1425759697305721,27.58606200897735,Low Usage
2025-02-16 03:08:40.624328,3,6,2061.622207483019,0.3123467353375801,27.042390602834654,Low Usage
2025-02-16 03:38:40.624328,3,6,1823.395321187644,0.3440381880106687,26.88869492176659,Low Usage
2025-02-16 04:08:40.624328,4,6,2033.5483072279067,0.1642344515944308,29.01599746755802,Low Usage
2025-02-16 04:38:40.624328,4,6,2265.644431062566,0.2557086485501558,28.439387573401614,Low Usage
2025-02-16 05:08:40.624328,5,6,1721.7962313790938,0.26543278867874104,31.048593716669238,Low Usage
2025-02-16 05:38:40.624328,5,6,2044.6851530751935,0.15157336162009638,31.678425743611008,Low Usage
2025-02-16 06:08:40.624328,6,6,1936.7111587763065,0.5246722590139566,29.65860693380974,Low Usage
2025-02-16 06:38:40.624328,6,6,2389.8974385948627,0.5808949248384726,29.76803177271666,Low Usage
2025-02-16 07:08:40.624328,7,6,2318.3254942681338,0.6582736379355919,33.237676884786005,High Usage
2025-02-16 07:38:40.624328,7,6,2551.6096558165796,0.5044974291372717,28.05672515879217,Low Usage
2025-02-16 08:08:40.624328,8,6,2154.0670128243,0.5387706873662667,28.079469484495142,Low Usage
2025-02-16 08:38:40.624328,8,6,2683.5999290937866,0.5845991948133012,29.54883981048678,Low Usage
2025-02-16 09:08:40.624328,9,6,2504.897074908863,0.5713150278502068,27.788603025386827,Low Usage
2025-02-16 09:38:40.624328,9,6,2810.122117912404,0.528416850211992,25.24409615624623,Low Usage
2025-02-16 10:08:40.624328,10,6,2048.471800119541,0.18347522364104274,27.171487534633112,Low Usage
2025-02-16 10:38:40.624328,10,6,1506.2654437806991,0.1444628676397423,26.81027924823687,Low Usage
2025-02-16 11:08:40.624328,11,6,1597.301946472037,0.2173734049200464,27.5380533989932,Low Usage
2025-02-16 11:38:40.624328,11,6,1943.1348746459034,0.27128224826818953,24.473739954277885,Low Usage
2025-02-16 12:08:40.624328,12,6,2244.0995715119293,0.27227659878088717,22.377395994714618,Low Usage
2025-02-16 12:38:40.624328,12,6,2224.3875084171736,0.17241707388159086,26.470546651191214,Low Usage
2025-02-16 13:08:40.624328,13,6,2059.127066105297,0.16286314204482588,24.809337893944647,Low Usage
2025-02-16 13:38:40.624328,13,6,1837.6919751513756,0.18203976694626414,21.3334777766172,Low Usage
2025-02-16 14:08:40.624328,14,6,2038.9050491774603,0.33233285295803305,26.47518684616688,Low Usage
2025-02-16 14:38:40.624328,14,6,2137.124509864426,0.18086343527266036,19.852633488097517,Low Usage
2025-02-16 15:08:40.624328,15,6,2015.8416501084973,0.3183892184836528,17.95044376162634,Low Usage
2025-02-16 15:38:40.624328,15,6,2378.574502131983,0.28299426741808764,23.509226425367295,Low Usage
2025-02-16 16:08:40.624328,16,6,1953.7522194937294,0.1847855351033242,19.261029318802528,Low Usage
2025-02-16 16:38:40.624328,16,6,1950.8785043628475,0.2763503465409991,18.37224406721949,Low Usage
2025-02-16 17:08:40.624328,17,6,2339.5167138531465,0.47347235151478384,20.02375883821461,Low Usage
2025-02-16 17:38:40.624328,17,6,2289.8328110359666,0.5631623223244981,19.199461963134393,Low Usage
2025-02-16 18:08:40.624328,18,6,2528.514505001797,0.48507520009480826,16.415618112233034,Low Usage
2025-02-16 18:38:40.624328,18,6,2723.561740804607,0.4679541337494762,20.94851255078484,Low Usage
2025-02-16 19:08:40.624328,19,6,2452.2728217113113,0.4832059505341149,19.78452335316392,Low Usage
2025-02-16 19:38:40.624328,19,6,2214.4048360683196,0.4989244701613197,20.90410786365413,Low Usage
2025-02-16 20:08:40.624328,20,6,2742.10846290716,0.5048150658557623,25.97219529780792,Low Usage
2025-02-16 20:38:40.624328,20,6,3009.5907891481615,0.48240435266339515,20.395514283151776,Low Usage
2025-02-16 21:08:40.624328,21,6,1940.0356527621375,0.23824115189365752,22.03856452454937,Low Usage
2025-02-16 21:38:40.624328,21,6,1863.584962258657,0.14292093754408505,21.602211511077392,Low Usage
2025-02-16 22:08:40.624328,22,6,1909.9876310327084,0.21178007696288945,22.263393106942612,Low Usage
2025-02-16 22:38:40.624328,22,6,1923.4377931628649,0.14940582635000846,18.91433507126812,Low Usage
2025-02-16 23:08:40.624328,23,6,1942.7819076048984,0.31165570643906504,25.46144822800172,Low Usage
2025-02-16 23:38:40.624328,23,6,1952.4820087652195,0.3422560109910382,22.675401191540885,Low Usage
2025-02-17 00:08:40.624328,0,0,1818.983651347461,0.2265211598444929,25.272813114786967,Low Usage
2025-02-17 00:38:40.624328,0,0,2164.6521003986536,0.43117124996132195,24.390486900255684,Low Usage
2025-02-17 01:08:40.624328,1,0,2218.459784995586,0.20563996773651833,28.165939435567992,Low Usage
2025-02-17 01:38:40.624328,1,0,1916.9565434095502,0.2151838792376292,27.584645731139663,Low Usage
2025-02-17 02:08:40.624328,2,0,1925.38956833076,0.2506435334937701,26.343391694615853,Low Usage
2025-02-17 02:38:40.624328,2,0,1970.6603831949071,0.221578104274012,30.08659930618751,Low Usage
2025-02-17 03:08:40.624328,3,0,1987.5843673257784,0.2445986193603222,30.871401250651488,Low Usage
2025-02-17 03:38:40.624328,3,0,1948.8556111100686,0.21113109361930812,26.448804441308383,Low Usage
2025-02-17 04:08:40.624328,4,0,1797.4717426074146,0.23726229159937345,29.930245951699522,Low Usage
2025-02-17 04:38:40.624328,4,0,1946.1492048887567,0.26716317731169154,25.497507309330388,Low Usage
2025-02-17 05:08:40.624328,5,0,2077.1421705764164,0.3892881181032286,28.635037033176324,Low Usage
2025-02-17 05:38:40.624328,5,0,1866.715601302403,0.32089402977955683,27.8331670019055,Low Usage
2025-02-17 06:08:40.624328,6,0,2625.5115228881195,0.8633900176512497,29.944111767525506,High Usage
2025-02-17 06:38:40.624328,6,0,2403.028509400997,0.9946309885502778,31.57429564484587,High Usage
2025-02-17 07:08:40.624328,7,0,3045.3136183457573,0.9811752807024798,30.637182827071474,High Usage
2025-02-17 07:38:40.624328,7,0,2263.87893174282,0.839785609988882,32.12127459698815,High Usage
2025-02-17 08:08:40.624328,8,0,2608.7127630674413,0.9878006478497391,31.70567280061445,High Usage
2025-02-17 08:38:40.624328,8,0,2758.210064728035,0.926721170363337,30.158755256806074,High Usage
2025-02-17 09:08:40.624328,9,0,3128.4848301179263,0.8290243619608193,26.798421999773428,High Usage
2025-02-17 09:38:40.624328,9,0,2558.5921695989236,0.8987490182470471,27.983394609568435,High Usage
2025-02-17 10:08:40.624328,10,0,2266.956490005198,0.4488351344792019,25.542615092165537,Low Usage
2025-02-17 10:38:40.624328,10,0,1922.113035167065,0.24843925174731027,27.167096097182363,Low Usage
2025-02-17 11:08:40.624328,11,0,1892.3236083033971,0.20579539155747079,26.542617709783507,Low Usage
2025-02-17 11:38:40.624328,11,0,2048.649481814863,0.3688399780850644,26.293291100274445,Low Usage
2025-02-17 12:08:40.624328,12,0,2099.578284084806,0.2709587948813553,26.892682758294928,Low Usage
2025-02-17 12:38:40.624328,12,0,2147.7644977672403,0.22291366939884982,24.756879958230012,Low Usage
2025-02-17 13:08:40.624328,13,0,1841.7215324436397,0.4161990492623907,24.60765258594286,Low Usage
2025-02-17 13:38:40.624328,13,0,2020.042675239937,0.4297326424827221,22.132411527877828,Low Usage
2025-02-17 14:08:40.624328,14,0,1773.4094279540443,0.29816975534579354,23.21984973719384,Low Usage
2025-02-17 14:38:40.624328,14,0,2242.4325492673843,0.4405650329526467,20.91403490732533,Low Usage
2025-02-17 15:08:40.624328,15,0,1978.4428224898875,0.36594881124408296,24.16749973705507,Low Usage
2025-02-17 15:38:40.624328,15,0,2264.0009654676123,0.3361357619706987,19.45522967673456,Low Usage
2025-02-17 16:08:40.624328,16,0,1828.3495510640166,0.31197756427307777,17.481605137866843,Low Usage
2025-02-17 16:38:40.624328,16,0,2095.972286059171,0.4907770461491639,21.1500631416964,Low Usage
2025-02-17 17:08:40.624328,17,0,2165.3026328106544,0.694075476355742,20.127237128807334,High Usage
2025-02-17 17:38:40.624328,17,0,2545.6831344898137,0.6486408074685921,22.37515914280183,High Usage
2025-02-17 18:08:40.624328,18,0,2133.8001972630377,0.8127875866664617,26.11286343618331,High Usage
2025-02-17 18:38:40.624328,18,0,2261.901239161031,0.871627419007436,16.3589536879636,High Usage
2025-02-17 19:08:40.624328,19,0,2160.6877676019026,0.7830205880630839,19.573641321848598,High Usage
2025-02-17 19:38:40.624328,19,0,2605.947118679429,0.6913591023656792,21.062145621626264,High Usage
2025-02-17 20:08:40.624328,20,0,2907.033498483047,0.7195465041883146,19.91595415005736,High Usage
2025-02-17 20:38:40.624328,20,0,2423.901716210511,0.7040275121347672,21.59899920946556,High Usage
2025-02-17 21:08:40.624328,21,0,1909.7943011140749,0.30560148461614384,21.329478553992917,Low Usage
2025-02-17 21:38:40.624328,21,0,2019.2536526569527,0.41075949842558934,19.633999272137462,Low Usage
2025-02-17 22:08:40.624328,22,0,2103.248919846512,0.34733921921985605,22.773186078895787,Low Usage
2025-02-17 22:38:40.624328,22,0,1988.1702461559605,0.41767031002567345,21.941032984412914,Low Usage
2025-02-17 23:08:40.624328,23,0,1557.3743561619797,0.3827517806349359,25.29385902818395,Low Usage
2025-02-17 23:38:40.624328,23,0,2269.51511945542,0.44237547352458534,22.63267324354859,Low Usage
2025-02-18 00:08:40.624328,0,1,1883.9897897409357,0.317020707221737,25.879095391649237,Low Usage
2025-02-18 00:38:40.624328,0,1,2053.204296001462,0.3548122389864814,23.89475128574014,Low Usage
2025-02-18 01:08:40.624328,1,1,1640.1085017787855,0.20768284275131743,23.863715716487683,Low Usage
2025-02-18 01:38:40.624328,1,1,1905.1081379032403,0.4008981158134868,25.91887159977222,Low Usage
2025-02-18 02:08:40.624328,2,1,1931.4134094536046,0.20964762390655844,28.4631781881348,Low Usage
2025-02-18 02:38:40.624328,2,1,2095.1263624884987,0.43365017201421885,26.819661842280528,Low Usage
2025-02-18 03:08:40.624328,3,1,1769.3674429926148,0.2059293532442883,28.52745079975016,Low Usage
2025-02-18 03:38:40.624328,3,1,1928.8998257000114,0.3595424030870108,29.069176721343627,Low Usage
2025-02-18 04:08:40.624328,4,1,1669.1358593486968,0.21015435846875632,31.866311316835997,Low Usage
2025-02-18 04:38:40.624328,4,1,2051.6259942432844,0.43980659871856076,27.527859032007477,Low Usage
2025-02-18 05:08:40.624328,5,1,1537.9957490919614,0.4925179602613893,29.165411838288165,Low Usage
2025-02-18 05:38:40.624328,5,1,1918.726436876712,0.3266650157919283,30.727002330966588,Low Usage
2025-02-18 06:08:40.624328,6,1,2628.048962302175,0.8971497225363688,30.651905325354456,High Usage
2025-02-18 06:38:40.624328,6,1,2841.3620088182734,0.8417473165357507,27.86235569787594,High Usage
2025-02-18 07:08:40.624328,7,1,2892.2648138329528,0.8891616756619735,25.189437697467422,High Usage
2025-02-18 07:38:40.624328,7,1,2367.689745455454,0.7778280905039445,32.58230302616937,High Usage
2025-02-18 08:08:40.624328,8,1,2337.249849730811,0.9032389179734261,26.552278372277677,High Usage
2025-02-18 08:38:40.624328,8,1,2697.7962407191812,0.7455569050127232,27.810995210856795,High Usage
2025-02-18 09:08:40.624328,9,1,2798.0084763425953,0.9245558806866079,32.071628549507906,High Usage
2025-02-18 09:38:40.624328,9,1,2882.8313922995426,0.9119004476618668,28.01657155892823,High Usage
2025-02-18 10:08:40.624328,10,1,1953.5781327839964,0.49475149666441187,24.92103758175265,Low Usage
2025-02-18 10:38:40.624328,10,1,2272.1010288702305,0.28466588105496593,26.51495029046243,Low Usage
2025-02-18 11:08:40.624328,11,1,1957.5280279692774,0.3162303627821969,21.941821245001943,Low Usage
2025-02-18 11:38:40.624328,11,1,2242.3138320110133,0.32487626609587367,27.59429920793026,Low Usage
2025-02-18 12:08:40.624328,12,1,1835.2765985284786,0.33379836378911554,25.30323844616497,Low Usage
2025-02-18 12:38:40.624328,12,1,2112.6451972293585,0.3460852408052622,27.044316153440363,Low Usage
2025-02-18 13:08:40.624328,13,1,1937.5206923268927,0.4633231554921491,22.06043835437287,Low Usage
2025-02-18 13:38:40.624328,13,1,1842.7039292257718,0.4630823264941738,23.284933917909463,Low Usage
2025-02-18 14:08:40.624328,14,1,2273.118512179704,0.46374119825748555,24.229106268252046,Low Usage
2025-02-18 14:38:40.624328,14,1,2022.207754621391,0.3769342348872584,22.76016298861177,Low Usage
2025-02-18 15:08:40.624328,15,1,1789.6293508188553,0.38240118299049186,20.376829885036106,Low Usage
2025-02-18 15:38:40.624328,15,1,2123.5959727063487,0.29304231718065754,20.98482922863301,Low Usage
2025-02-18 16:08:40.624328,16,1,2053.696516148018,0.34508970577267006,19.395272587108863,Low Usage
2025-02-18 16:38:40.624328,16,1,2422.9297621776363,0.22133593949803845,16.749265363500758,Low Usage
2025-02-18 17:08:40.624328,17,1,2398.577071859748,0.8930255691177404,19.1857307103021,High Usage
2025-02-18 17:38:40.624328,17,1,2096.8664537373465,0.8150806176432231,22.35835592951836,High Usage
2025-02-18 18:08:40.624328,18,1,2270.4350040085205,0.7853438996494382,21.391357848917494,High Usage
2025-02-18 18:38:40.624328,18,1,2588.228089645572,0.7756297142719178,21.659837011979075,High Usage
2025-02-18 19:08:40.624328,19,1,2626.864578776384,0.8112814838285862,21.298166845775654,High Usage
2025-02-18 19:38:40.624328,19,1,2219.8035289160957,0.7127142722939703,19.541527106511783,High Usage
2025-02-18 20:08:40.624328,20,1,2110.312935862908,0.701592730273621,20.778516474507867,High Usage
2025-02-18 20:38:40.624328,20,1,2416.840076551791,0.6878880761531897,20.901266286578597,High Usage
2025-02-18 21:08:40.624328,21,1,2008.7174403075962,0.4434459211465731,20.30656924206962,Low Usage
2025-02-18 21:38:40.624328,21,1,2139.966407967959,0.2539662193526316,23.437879236882406,Low Usage
2025-02-18 22:08:40.624328,22,1,2195.4770923751425,0.4604899045283897,23.48376873308856,Low Usage
2025-02-18 22:38:40.624328,22,1,1764.9665070008023,0.4646103813790056,18.624075359993665,Low Usage
2025-02-18 23:08:40.624328,23,1,1784.7070667596133,0.37428557719467115,26.266990333568547,Low Usage
2025-02-18 23:38:40.624328,23,1,1970.6336380682792,0.35990786252742246,22.295232643258018,Low Usage
2025-02-19 00:08:40.624328,0,2,1971.450487433689,0.4238154810789049,25.008951201195863,Low Usage
2025-02-19 00:38:40.624328,0,2,1647.7662323777217,0.2956521365045198,22.262420377487274,Low Usage
2025-02-19 01:08:40.624328,1,2,1983.0200718779545,0.29845294165764835,27.22398485361749,Low Usage
2025-02-19 01:38:40.624328,1,2,2053.1128232145925,0.2369673807915473,25.595426105482193,Low Usage
2025-02-19 02:08:40.624328,2,2,1931.0591377783699,0.2422102060967734,26.300797323771178,Low Usage
2025-02-19 02:38:40.624328,2,2,1851.5122151859146,0.4858960806322757,26.839350465897354,Low Usage
2025-02-19 03:08:40.624328,3,2,1885.7935309001973,0.48044009199172316,30.246778490750067,Low Usage
2025-02-19 03:38:40.624328,3,2,1999.5014032965082,0.40632674364194465,29.8361009032285,Low Usage
2025-02-19 04:08:40.624328,4,2,2217.3271058157006,0.496107864858861,28.46607160674202,Low Usage
2025-02-19 04:38:40.624328,4,2,1532.5232368719662,0.2734164276770144,29.26063130430223,Low Usage
2025-02-19 05:08:40.624328,5,2,1753.6119354345046,0.42076115884162857,29.934876745526388,Low Usage
2025-02-19 05:38:40.624328,5,2,2132.7833004095414,0.2875133346680353,31.652943337980602,Low Usage
2025-02-19 06:08:40.624328,6,2,1995.525314594224,0.7133356026260929,27.174833801897666,High Usage
2025-02-19 06:38:40.624328,6,2,2560.472079910611,0.7860253063093641,30.00762583753989,High Usage
2025-02-19 07:08:40.624328,7,2,2777.3696830574395,0.7147259484472226,30.274153687186654,High Usage
2025-02-19 07:38:40.624328,7,2,2929.737353864906,0.9066329190608549,29.845208695690317,High Usage
2025-02-19 08:08:40.624328,8,2,2903.3751085847857,0.8603483619465486,27.86806453399405,High Usage
2025-02-19 08:38:40.624328,8,2,2629.7394696245697,0.9396333114058915,30.108264165649146,High Usage
2025-02-19 09:08:40.624328,9,2,2756.6941684810504,0.9675850119226675,27.876616065666145,High Usage
2025-02-19 09:38:40.624328,9,2,2641.338400448356,0.8769657990479296,29.41813760105222,High Usage
2025-02-19 10:08:40.624328,10,2,2015.2171675117568,0.24658817213760825,28.07664458593582,Low Usage
2025-02-19 10:38:40.624328,10,2,1938.4861025463501,0.46350759162188754,29.23900157588327,Low Usage
2025-02-19 11:08:40.624328,11,2,2028.0184117531705,0.3212441594640284,28.81308844109816,Low Usage
2025-02-19 11:38:40.624328,11,2,2020.0181592091626,0.2813659896921043,28.447342934466068,Low Usage
2025-02-19 12:08:40.624328,12,2,1723.702505608024,0.4885593396038103,19.15215775693009,Low Usage
2025-02-19 12:38:40.624328,12,2,1945.8367092075266,0.269432405615912,23.815750324799623,Low Usage
2025-02-19 13:08:40.624328,13,2,2152.8867005582133,0.4989356777412659,22.27432462995764,Low Usage
2025-02-19 13:38:40.624328,13,2,2053.0402317674884,0.3353979930687298,25.128096936699315,Low Usage
2025-02-19 14:08:40.624328,14,2,2353.798599550958,0.3669875310089141,22.01544065201819,Low Usage
2025-02-19 14:38:40.624328,14,2,2071.579609460704,0.4989289622552921,21.714152937066007,Low Usage
2025-02-19 15:08:40.624328,15,2,2086.003070383389,0.4980173658627037,19.7322979854282,Low Usage
2025-02-19 15:38:40.624328,15,2,1936.7659074538537,0.4079374476961637,19.252978484700492,Low Usage
2025-02-19 16:08:40.624328,16,2,2211.689806403097,0.42983781720179526,19.235427488451997,Low Usage
2025-02-19 16:38:40.624328,16,2,2172.2939608214597,0.4609068018640929,25.88978542968958,Low Usage
2025-02-19 17:08:40.624328,17,2,2576.811335114126,0.7505042414648602,20.86840997665766,High Usage
2025-02-19 17:38:40.624328,17,2,3051.2624756158148,0.7450707387238784,16.288750411853183,High Usage
2025-02-19 18:08:40.624328,18,2,2043.7826858112,0.71870685129654,22.43233339707265,High Usage
2025-02-19 18:38:40.624328,18,2,2221.6177659012637,0.7432258958365915,18.79548499623252,High Usage
2025-02-19 19:08:40.624328,19,2,2075.015321959385,0.74425521610379,19.337331068455242,High Usage
2025-02-19 19:38:40.624328,19,2,2650.1415233908583,0.6690320966603744,19.54900730597276,High Usage
2025-02-19 20:08:40.624328,20,2,1932.886826478932,0.8626919467049352,20.53158359426105,High Usage
2025-02-19 20:38:40.624328,20,2,3129.5054921327687,0.6868423488573275,19.369381158985927,High Usage
2025-02-19 21:08:40.624328,21,2,2132.9655535856446,0.403840216775986,21.07190483937579,Low Usage
2025-02-19 21:38:40.624328,21,2,1857.1396174415652,0.40060709381039217,24.107308408055896,Low Usage
2025-02-19 22:08:40.624328,22,2,2039.203814807507,0.42360880833455583,19.072981322402384,Low Usage
2025-02-19 22:38:40.624328,22,2,1771.5639419093093,0.4115471648524244,21.844277082694582,Low Usage
2025-02-19 23:08:40.624328,23,2,1695.1440779077247,0.45298536077953433,23.800298822156105,Low Usage
2025-02-19 23:38:40.624328,23,2,2019.9596474642208,0.3323488446956394,23.004168329030012,Low Usage
2025-02-20 00:08:40.624328,0,3,1696.8213769680556,0.38608194074851626,26.227079180545473,Low Usage
2025-02-20 00:38:40.624328,0,3,1957.408130406425,0.4266773965397609,23.772468868948952,Low Usage
2025-02-20 01:08:40.624328,1,3,2163.0144876415798,0.37344323734121976,29.463399674544263,Low Usage
2025-02-20 01:38:40.624328,1,3,1890.588256823822,0.40947981921745824,25.19406896755228,Low Usage
2025-02-20 02:08:40.624328,2,3,1754.9781989169473,0.4904609595098513,22.60699110792902,Low Usage
2025-02-20 02:38:40.624328,2,3,2052.7657321020392,0.308492748844539,31.904760928740906,Low Usage
2025-02-20 03:08:40.624328,3,3,1810.1145101618204,0.23823469888630672,28.50634590985538,Low Usage
2025-02-20 03:38:40.624328,3,3,2129.368695349852,0.4852415106152853,31.333783009542994,Low Usage
2025-02-20 04:08:40.624328,4,3,2145.878735006031,0.44630141963463277,30.428252225700763,Low Usage
2025-02-20 04:38:40.624328,4,3,2184.8258333925605,0.2661788250878187,31.472726614735528,Low Usage
2025-02-20 05:08:40.624328,5,3,2055.2874972904124,0.3164147209871626,27.954378311041474,Low Usage
2025-02-20 05:38:40.624328,5,3,1791.6824481959397,0.3403894869254135,29.111987842829027,Low Usage
2025-02-20 06:08:40.624328,6,3,2623.775420190984,0.8046565693123933,26.968412297392028,High Usage
2025-02-20 06:38:40.624328,6,3,2977.6981598059933,0.7819997425120908,28.578620709356606,High Usage
2025-02-20 07:08:40.624328,7,3,2811.0239193152593,0.787769203997751,29.740763160985324,High Usage
2025-02-20 07:38:40.624328,7,3,2456.390193928202,0.7022503527477201,34.2300599716868,High Usage
2025-02-20 08:08:40.624328,8,3,2634.6824107715206,0.8460911447366382,25.40673589531597,High Usage
2025-02-20 08:38:40.624328,8,3,2818.9479617591146,0.784128329122886,29.81986496090912,High Usage
2025-02-20 09:08:40.624328,9,3,2316.6434841320724,0.9389339259302034,31.018649319098042,High Usage
2025-02-20 09:38:40.624328,9,3,2477.3633259402427,0.7759920901495276,29.014069943510865,High Usage
2025-02-20 10:08:40.624328,10,3,2205.0911345157474,0.49930509395001127,23.994712633674677,Low Usage
2025-02-20 10:38:40.624328,10,3,2308.691377391518,0.4351793613016312,25.401446565316498,Low Usage
2025-02-20 11:08:40.624328,11,3,2091.299615038503,0.22653348739156995,22.389838793666883,Low Usage
2025-02-20 11:38:40.624328,11,3,1919.5403087582933,0.24226820241758013,28.74675539129932,Low Usage
2025-02-20 12:08:40.624328,12,3,1934.0282027362623,0.42950738562287794,25.350617351115364,Low Usage
2025-02-20 12:38:40.624328,12,3,2187.4231675890064,0.49342688166292614,21.690787930442948,Low Usage
2025-02-20 13:08:40.624328,13,3,1714.0170261498704,0.22073756275086034,22.466274833533248,Low Usage
2025-02-20 13:38:40.624328,13,3,2093.397986560853,0.471604053397523,24.24081280196641,Low Usage
2025-02-20 14:08:40.624328,14,3,2171.330078560816,0.27063696340811655,18.593837106467124,Low Usage
2025-02-20 14:38:40.624328,14,3,2123.595092565362,0.3576043666198181,18.421675897413365,Low Usage
2025-02-20 15:08:40.624328,15,3,2174.2664617119626,0.4833849486532521,20.561654178146235,Low Usage
2025-02-20 15:38:40.624328,15,3,1631.460523940407,0.47341780378550463,22.354457582987372,Low Usage
2025-02-20 16:08:40.624328,16,3,1525.2168810806847,0.3893482895865113,19.11067495140479,Low Usage
2025-02-20 16:38:40.624328,16,3,1904.2232962141463,0.31950808359656774,20.35387831522605,Low Usage
2025-02-20 17:08:40.624328,17,3,2398.2570337045636,0.7100300733027728,22.698340075957066,High Usage
2025-02-20 17:38:40.624328,17,3,2132.742961310364,0.7117620369235287,23.127004736788187,High Usage
2025-02-20 18:08:40.624328,18,3,2608.9457992791263,0.66587196114395,21.824102290317235,High Usage
2025-02-20 18:38:40.624328,18,3,2255.360310610313,0.7300822128727052,22.802043388453015,High Usage
2025-02-20 19:08:40.624328,19,3,2452.048453557855,0.6120144450793491,22.18019721454033,High Usage
2025-02-20 19:38:40.624328,19,3,2945.891839399172,0.8487557537496887,21.25698047416173,High Usage
2025-02-20 20:08:40.624328,20,3,2299.6331951268,0.7536682656207345,20.132366629967926,High Usage
2025-02-20 20:38:40.624328,20,3,2497.063331106239,0.6599634809849313,16.54121072007628,High Usage
2025-02-20 21:08:40.624328,21,3,1881.302672845654,0.25633054940726224,18.38741560117597,Low Usage
2025-02-20 21:38:40.624328,21,3,1920.8594500570584,0.37522283359572994,19.850947218541698,Low Usage
2025-02-20 22:08:40.624328,22,3,2255.603446611453,0.33320370174170616,23.834193592775105,Low Usage
2025-02-20 22:38:40.624328,22,3,1973.1164357276455,0.35975015291877976,21.159007638257048,Low Usage
2025-02-20 23:08:40.624328,23,3,2227.825265648772,0.3602037358058947,22.652754326866003,Low Usage
2025-02-20 23:38:40.624328,23,3,2275.035865693199,0.45949221445748384,22.379285475207137,Low Usage
2025-02-21 00:08:40.624328,0,4,2302.5618475008355,0.451342667096799,25.39170308442666,Low Usage
2025-02-21 00:38:40.624328,0,4,1942.176903066625,0.2929130735915822,23.11311456404134,Low Usage
2025-02-21 01:08:40.624328,1,4,1964.9093859432855,0.2319035993388128,25.91434267005276,Low Usage
2025-02-21 01:38:40.624328,1,4,1800.119006787642,0.4193319784312714,27.926558690254435,Low Usage
2025-02-21 02:08:40.624328,2,4,2078.441637849395,0.4493541726405883,24.539690437124232,Low Usage
2025-02-21 02:38:40.624328,2,4,2190.198099206401,0.22774173853297758,24.04619781932829,Low Usage
2025-02-21 03:08:40.624328,3,4,1772.761696934172,0.20688521634942464,30.383172906719373,Low Usage
2025-02-21 03:38:40.624328,3,4,1772.3417461964823,0.24160069768371678,26.34584403335598,Low Usage
2025-02-21 04:08:40.624328,4,4,1970.1270056491057,0.4195325727602877,25.708355206431428,Low Usage
2025-02-21 04:38:40.624328,4,4,2111.006461976713,0.36591806184226106,29.268600714444432,Low Usage
2025-02-21 05:08:40.624328,5,4,2303.335339355694,0.42541797658652925,30.299159795247043,Low Usage
2025-02-21 05:38:40.624328,5,4,2486.0473985089093,0.2059148862069804,31.364240984970333,Low Usage
2025-02-21 06:08:40.624328,6,4,2229.176780980994,0.9964525597375116,32.69664617141239,High Usage
2025-02-21 06:38:40.624328,6,4,3079.5270528666233,0.8769483134442217,27.810234488586286,High Usage
2025-02-21 07:08:40.624328,7,4,2922.028838421529,0.7262421755473424,29.626203568704124,High Usage
2025-02-21 07:38:40.624328,7,4,2563.4802309883053,0.8224933038435667,30.06771842853186,High Usage
2025-02-21 08:08:40.624328,8,4,2856.4680661983452,0.8469657304433247,27.606368900370246,High Usage
2025-02-21 08:38:40.624328,8,4,2377.8502549701334,0.9863134262187914,29.47377644106833,High Usage
2025-02-21 09:08:40.624328,9,4,2531.65114777611,0.7756658003435929,32.443528815162644,High Usage
2025-02-21 09:38:40.624328,9,4,2486.9636345277527,0.8523428481455076,28.10241470088568,High Usage
2025-02-21 10:08:40.624328,10,4,2084.3960769256573,0.4653245698833322,27.56268561214325,Low Usage
2025-02-21 10:38:40.624328,10,4,1755.9598500058748,0.24746589566194813,29.69513230322554,Low Usage
2025-02-21 11:08:40.624328,11,4,1768.902221970364,0.3185140383062319,22.456712398940255,Low Usage
2025-02-21 11:38:40.624328,11,4,2209.7245261564417,0.27879223173508316,22.681026247048425,Low Usage
2025-02-21 12:08:40.624328,12,4,2144.0927943950023,0.36173339602327564,28.2757502475977,Low Usage
2025-02-21 12:38:40.624328,12,4,2416.6022147207836,0.3195276951295005,22.914399107028906,Low Usage
2025-02-21 13:08:40.624328,13,4,1616.7318863544024,0.36268510266388965,24.298417569001703,Low Usage
2025-02-21 13:38:40.624328,13,4,2069.3086637088536,0.40715521102156305,25.70979024391022,Low Usage
2025-02-21 14:08:40.624328,14,4,1970.750817268947,0.3913331324977695,21.203935497071015,Low Usage
2025-02-21 14:38:40.624328,14,4,1940.498905368847,0.22309566437556017,22.001108579807273,Low Usage
2025-02-21 15:08:40.624328,15,4,2001.9926133331464,0.4071551749634996,22.88624973995676,Low Usage
2025-02-21 15:38:40.624328,15,4,2221.133827101096,0.45064554724755657,21.456518952013038,Low Usage
2025-02-21 16:08:40.624328,16,4,1798.8762277282553,0.33607896434523016,17.616051114500202,Low Usage
2025-02-21 16:38:40.624328,16,4,1997.6673738089435,0.43342696537093706,24.40819930367774,Low Usage
2025-02-21 17:08:40.624328,17,4,2136.5402436159375,0.6231015155989016,17.264586808802257,High Usage
2025-02-21 17:38:40.624328,17,4,1985.9707982298964,0.7115795619236494,18.411398810214223,High Usage
2025-02-21 18:08:40.624328,18,4,2215.265352516231,0.6243418974517823,18.708309128305704,High Usage
2025-02-21 18:38:40.624328,18,4,2571.856480282027,0.7831539791632471,17.646504858933145,High Usage
2025-02-21 19:08:40.624328,19,4,2446.1614455756285,0.7989360399702157,16.715427893675965,High Usage
2025-02-21 19:38:40.624328,19,4,2447.8591275453673,0.8858857788633118,17.970730706684876,High Usage
2025-02-21 20:08:40.624328,20,4,2019.1346826923643,0.8322255087121733,24.828848140292678,High Usage
2025-02-21 20:38:40.624328,20,4,2652.693957298422,0.6643880388655863,23.07865753205706,High Usage
2025-02-21 21:08:40.624328,21,4,1399.5860024663027,0.2741332737484683,17.88057404639774,Low Usage
2025-02-21 21:38:40.624328,21,4,1991.3284584549053,0.42103734116455815,21.681259151275064,Low Usage
2025-02-21 22:08:40.624328,22,4,2033.452220443028,0.291934411437382,21.944817849076273,Low Usage
2025-02-21 22:38:40.624328,22,4,1782.8169247680148,0.28676805791239146,23.842855162855294,Low Usage
2025-02-21 23:08:40.624328,23,4,1933.4640681207798,0.4701501684091754,24.50547953104878,Low Usage
2025-02-21 23:38:40.624328,23,4,2138.0582461321274,0.37868841239809903,21.497246514720842,Low Usage
2025-02-22 00:08:40.624328,0,5,2294.867448139438,0.15705730149720104,24.267913091370488,Low Usage
2025-02-22 00:38:40.624328,0,5,1839.4537830774104,0.21347762852953073,24.668386577671725,Low Usage
2025-02-22 01:08:40.624328,1,5,1911.1406442627751,0.3206859116081197,27.778555195758585,Low Usage
2025-02-22 01:38:40.624328,1,5,2026.323472774621,0.330270062619181,26.884223016766903,Low Usage
2025-02-22 02:08:40.624328,2,5,2244.691950173765,0.32079494721269985,28.589507281600493,Low Usage
2025-02-22 02:38:40.624328,2,5,1875.185870697361,0.31046208412063847,25.116371774684545,Low Usage
2025-02-22 03:08:40.624328,3,5,1785.325938854983,0.1717792834029149,29.51900865547694,Low Usage
2025-02-22 03:38:40.624328,3,5,2061.636657139537,0.16515122333787144,27.618709751653174,Low Usage
2025-02-22 04:08:40.624328,4,5,2013.9024044695539,0.25847600049663405,29.219421783493107,Low Usage
2025-02-22 04:38:40.624328,4,5,1914.3618682351234,0.27312221766724426,26.48957160109692,Low Usage
2025-02-22 05:08:40.624328,5,5,1900.0620297841317,0.14168260206482458,31.092679101828917,Low Usage
2025-02-22 05:38:40.624328,5,5,1956.0751293446851,0.22270804551949572,27.707760825050133,Low Usage
2025-02-22 06:08:40.624328,6,5,2450.493812807375,0.5172096913169042,30.6171009951714,Low Usage
2025-02-22 06:38:40.624328,6,5,2402.2978333634874,0.6832372527572285,30.753040872107135,High Usage
2025-02-22 07:08:40.624328,7,5,2184.680219443074,0.5192860276853911,29.29094353674262,Low Usage
2025-02-22 07:38:40.624328,7,5,2863.707792146159,0.5557312528617682,33.175971808481826,Low Usage
2025-02-22 08:08:40.624328,8,5,2282.0253319650437,0.6755674819365499,28.612001947060097,High Usage
2025-02-22 08:38:40.624328,8,5,2549.9994480034593,0.6118239832096942,29.5554435924823,High Usage
2025-02-22 09:08:40.624328,9,5,2483.021522440178,0.49928691061028846,28.27577788097143,Low Usage
2025-02-22 09:38:40.624328,9,5,2471.7704151077705,0.636020354125757,26.637124096988067,High Usage
2025-02-22 10:08:40.624328,10,5,1892.6551532146696,0.28383196639299685,27.790838853683685,Low Usage
2025-02-22 10:38:40.624328,10,5,1663.7737707043027,0.23188926680060068,26.231167281258845,Low Usage
2025-02-22 11:08:40.624328,11,5,1833.6540057843708,0.25631550450184587,23.360878768820093,Low Usage
2025-02-22 11:38:40.624328,11,5,1889.6592071697619,0.31523629146413334,22.445907317463707,Low Usage
2025-02-22 12:08:40.624328,12,5,2447.458009780727,0.16888174842191153,20.52210330197477,Low Usage
2025-02-22 12:38:40.624328,12,5,1894.7374816099068,0.18986004162479808,25.71190114758661,Low Usage
2025-02-22 13:08:40.624328,13,5,2028.601216999811,0.1850009072303855,21.641280806325003,Low Usage
2025-02-22 13:38:40.624328,13,5,1866.247400528326,0.24444234997347128,24.293460234095644,Low Usage
2025-02-22 14:08:40.624328,14,5,1928.9759058541447,0.19003707084786128,21.962000877917273,Low Usage
2025-02-22 14:38:40.624328,14,5,2153.278017825062,0.34979446515134227,20.088280042330076,Low Usage
2025-02-22 15:08:40.624328,15,5,1839.4513382578086,0.25345315486438574,20.8304991746879,Low Usage
2025-02-22 15:38:40.624328,15,5,1918.5254083386665,0.14771829814914123,19.171427702791846,Low Usage
2025-02-22 16:08:40.624328,16,5,2126.125430451389,0.22474302453351327,19.252389297732794,Low Usage
2025-02-22 16:38:40.624328,16,5,2025.7014718627242,0.1990180388577819,19.092891063032905,Low Usage
2025-02-22 17:08:40.624328,17,5,2612.532065746243,0.4969527911137979,22.55936276113779,Low Usage
2025-02-22 17:38:40.624328,17,5,2444.8239106135547,0.49373786540909953,17.763741966267286,Low Usage
2025-02-22 18:08:40.624328,18,5,2575.939895803946,0.4559689744828905,18.931993266933848,Low Usage
2025-02-22 18:38:40.624328,18,5,2651.1025510059885,0.4208863553152265,16.48845257607485,Low Usage
2025-02-22 19:08:40.624328,19,5,2342.2179186746907,0.51714360021041,20.927194325158005,Low Usage
2025-02-22 19:38:40.624328,19,5,2687.174235926246,0.43437687413861475,19.85628974016798,Low Usage
2025-02-22 20:08:40.624328,20,5,2856.9174362351164,0.4853141326899693,23.181828843074914,Low Usage
2025-02-22 20:38:40.624328,20,5,2303.033443478713,0.5565607124089663,21.93764129497508,Low Usage
2025-02-22 21:08:40.624328,21,5,1891.0380851108273,0.1476857136321021,22.185236492819747,Low Usage
2025-02-22 21:38:40.624328,21,5,1852.0998075038328,0.2861616807632877,20.522656413748404,Low Usage
2025-02-22 22:08:40.624328,22,5,1912.5604555367786,0.3213551568634449,24.79596682402701,Low Usage
2025-02-22 22:38:40.624328,22,5,2014.8949451438466,0.307643004861065,22.58846079606908,Low Usage
2025-02-22 23:08:40.624328,23,5,1760.8789967850996,0.1580200759755103,23.45497282144814,Low Usage
2025-02-22 23:38:40.624328,23,5,1889.5881606393798,0.33380866166546097,22.017759981621403,Low Usage
2025-02-23 00:08:40.624328,0,6,2272.6898643495288,0.19098144499182373,28.992352831857453,Low Usage
2025-02-23 00:38:40.624328,0,6,2251.9980949891856,0.2377588240317096,26.069212221604538,Low Usage
2025-02-23 01:08:40.624328,1,6,1843.893925775615,0.21175027407909058,28.805382927952504,Low Usage
2025-02-23 01:38:40.624328,1,6,2132.7916248481133,0.2518485944105352,27.430151920835016,Low Usage
2025-02-23 02:08:40.624328,2,6,2158.6074011157666,0.1919837600004623,28.644838570922524,Low Usage
2025-02-23 02:38:40.624328,2,6,2055.151797482001,0.23529059481916964,26.655278921969245,Low Usage
2025-02-23 03:08:40.624328,3,6,1849.2404493496697,0.334547061979834,25.740709909787043,Low Usage
2025-02-23 03:38:40.624328,3,6,2082.0703386719833,0.19153000637807147,28.85569764723896,Low Usage
2025-02-23 04:08:40.624328,4,6,2209.907235394103,0.15758245746984767,28.14464654011319,Low Usage
2025-02-23 04:38:40.624328,4,6,1745.2236731833214,0.2520538437678989,29.000705559810804,Low Usage
2025-02-23 05:08:40.624328,5,6,1686.2095867479145,0.15361562162504516,29.220148448164796,Low Usage
2025-02-23 05:38:40.624328,5,6,1838.2829163450808,0.29792288020838187,28.483239207164885,Low Usage
2025-02-23 06:08:40.624328,6,6,2455.5901862882015,0.6622719043278473,29.608932008324256,High Usage
2025-02-23 06:38:40.624328,6,6,2337.265138792793,0.6351904588895383,27.60688061541509,High Usage
2025-02-23 07:08:40.624328,7,6,2936.843999090112,0.5250497598531139,29.630828930919836,Low Usage
2025-02-23 07:38:40.624328,7,6,2554.3240073619463,0.5848380617509467,31.004689899741923,Low Usage
2025-02-23 08:08:40.624328,8,6,2456.859055988541,0.5401825611276863,29.128142987220553,Low Usage
2025-02-23 08:38:40.624328,8,6,2448.737592112012,0.6487431875964293,25.780265812096534,High Usage
2025-02-23 09:08:40.624328,9,6,2736.523121320047,0.505318097283455,27.051530066867542,Low Usage
2025-02-23 09:38:40.624328,9,6,2227.4114745573006,0.5622797737101305,27.63795859487417,Low Usage
2025-02-23 10:08:40.624328,10,6,2049.957737528152,0.32298816941639813,26.927494748252478,Low Usage
2025-02-23 10:38:40.624328,10,6,1966.2583042635263,0.3079101324389666,28.603805210847945,Low Usage
2025-02-23 11:08:40.624328,11,6,2164.4652658381033,0.20088437288360134,30.818537295358333,Low Usage
2025-02-23 11:38:40.624328,11,6,2095.0242293919723,0.22020892202965098,25.940102105559202,Low Usage
2025-02-23 12:08:40.624328,12,6,1703.2048738922529,0.3054836291640117,25.216096333898356,Low Usage
2025-02-23 12:38:40.624328,12,6,1745.9686371263276,0.2938326508490364,25.555320363917236,Low Usage
2025-02-23 13:08:40.624328,13,6,2010.476593277126,0.2454492686478137,24.230033799676672,Low Usage
2025-02-23 13:38:40.624328,13,6,2089.5651033479494,0.3314303178914513,21.54559532732083,Low Usage
2025-02-23 14:08:40.624328,14,6,2131.135122620455,0.2665446005889734,23.27302412490428,Low Usage
2025-02-23 14:38:40.624328,14,6,1427.0969430153036,0.24880811076853954,24.22785965926241,Low Usage
2025-02-23 15:08:40.624328,15,6,2043.4593363516296,0.15625176020359924,20.024469755315454,Low Usage
2025-02-23 15:38:40.624328,15,6,1839.5360231490179,0.16058781659359242,16.527077370514856,Low Usage
2025-02-23 16:08:40.624328,16,6,1737.9333887199532,0.20989460162901297,22.520702053805618,Low Usage
2025-02-23 16:38:40.624328,16,6,2291.753303440317,0.2487560494170792,20.57440686076518,Low Usage
2025-02-23 17:08:40.624328,17,6,2499.5948179433863,0.5953242655529439,19.565739729893743,Low Usage
2025-02-23 17:38:40.624328,17,6,1880.9275090262793,0.622352183205293,18.495756334018267,High Usage
2025-02-23 18:08:40.624328,18,6,2677.2027026692663,0.4474590738039021,19.814368401803982,Low Usage
2025-02-23 18:38:40.624328,18,6,2542.079706437085,0.5753830850217428,17.789935704821346,Low Usage
2025-02-23 19:08:40.624328,19,6,2967.1205582603175,0.5067696145623004,22.59395091655294,Low Usage
2025-02-23 19:38:40.624328,19,6,2432.6656729691817,0.47046849113512573,18.391038057084263,Low Usage
2025-02-23 20:08:40.624328,20,6,2201.295490452233,0.5913612961074586,25.18877604239477,Low Usage
2025-02-23 20:38:40.624328,20,6,2543.5921600924535,0.4499428601525542,23.181505688220955,Low Usage
2025-02-23 21:08:40.624328,21,6,1573.195502545036,0.3005761394419018,20.34848078629656,Low Usage
2025-02-23 21:38:40.624328,21,6,1935.6286127236497,0.27261170646123606,19.59927986022179,Low Usage
2025-02-23 22:08:40.624328,22,6,1955.6027171812673,0.2480609525951152,19.301167467146563,Low Usage
2025-02-23 22:38:40.624328,22,6,2353.0733314439954,0.3421679546029594,21.911892912554052,Low Usage
2025-02-23 23:08:40.624328,23,6,1975.5766607385995,0.3068393086140115,23.274641817310695,Low Usage
2025-02-23 23:38:40.624328,23,6,2280.7626567703874,0.2907626286576472,24.680740396254333,Low Usage
2025-02-24 00:08:40.624328,0,0,1965.6773390983815,0.46087842055999884,26.930223265918613,Low Usage
2025-02-24 00:38:40.624328,0,0,2112.0500007071623,0.24383816174798273,25.956474492369207,Low Usage
2025-02-24 01:08:40.624328,1,0,2341.9055434801003,0.4723240471850054,25.910128018124063,Low Usage
2025-02-24 01:38:40.624328,1,0,2392.5320118341087,0.23000309625364682,25.164987812161307,Low Usage
2025-02-24 02:08:40.624328,2,0,1931.977660058734,0.43123593346703964,30.130272561877987,Low Usage
2025-02-24 02:38:40.624328,2,0,2122.3894458701384,0.3977174108452884,28.527198039897623,Low Usage
2025-02-24 03:08:40.624328,3,0,2098.1429277675134,0.2768929860971766,26.620903168041046,Low Usage
2025-02-24 03:38:40.624328,3,0,1898.9929416934121,0.25932969512890197,26.648821554362186,Low Usage
2025-02-24 04:08:40.624328,4,0,1816.4681267091232,0.34373079443045707,30.49429925841832,Low Usage
2025-02-24 04:38:40.624328,4,0,1782.779192392359,0.2251207923238912,28.69596768803139,Low Usage
2025-02-24 05:08:40.624328,5,0,1997.2519960478933,0.46486033640908975,31.341571029379487,Low Usage
2025-02-24 05:38:40.624328,5,0,1981.372911774449,0.34102174326638157,27.34989055156222,Low Usage
2025-02-24 06:08:40.624328,6,0,2238.762039673687,0.7847239090157575,29.934941342423787,High Usage
2025-02-24 06:38:40.624328,6,0,2947.6448485569704,0.844180463944131,28.715467316435817,High Usage
2025-02-24 07:08:40.624328,7,0,2703.2866768800886,0.9638354139580281,35.59807913024736,High Usage
2025-02-24 07:38:40.624328,7,0,2369.4514587897884,0.86477029087736,32.56661791620697,High Usage
2025-02-24 08:08:40.624328,8,0,2612.969670107631,0.9386993437683905,28.882631637318823,High Usage
2025-02-24 08:38:40.624328,8,0,2511.39952269877,0.754861520778261,30.43330891014601,High Usage
2025-02-24 09:08:40.624328,9,0,2862.1539640685996,0.824307282307334,25.732713003011582,High Usage
2025-02-24 09:38:40.624328,9,0,2283.288474401356,0.7835433678587729,30.538988801306914,High Usage
2025-02-24 10:08:40.624328,10,0,2128.937458753495,0.21474790513625064,31.03681533298527,Low Usage
2025-02-24 10:38:40.624328,10,0,2206.793068002913,0.3393386131875643,27.37215555027822,Low Usage
2025-02-24 11:08:40.624328,11,0,2453.023917573998,0.3157632807028546,24.188841830195933,Low Usage
2025-02-24 11:38:40.624328,11,0,1966.1431083628054,0.4336622680193143,26.438758185306476,Low Usage
2025-02-24 12:08:40.624328,12,0,1999.8276735689071,0.33199638958577143,26.768540190920667,Low Usage
2025-02-24 12:38:40.624328,12,0,1556.8350024993126,0.4689047731926963,22.893968991922574,Low Usage
2025-02-24 13:08:40.624328,13,0,1818.4824324789934,0.35851393182779934,27.91520381356898,Low Usage
2025-02-24 13:38:40.624328,13,0,2289.045292771631,0.4247190018068551,23.818618405556332,Low Usage
2025-02-24 14:08:40.624328,14,0,1989.244242056049,0.2800314755915142,21.258803045714536,Low Usage
2025-02-24 14:38:40.624328,14,0,2214.5478892209926,0.2073304657455132,23.878801541291033,Low Usage
2025-02-24 15:08:40.624328,15,0,1779.8811269043413,0.3177705769118391,21.2338871611453,Low Usage
2025-02-24 15:38:40.624328,15,0,2188.091832900409,0.35190595658037616,24.75770527873389,Low Usage
2025-02-24 16:08:40.624328,16,0,1844.5361755181143,0.48120398051894164,21.13054096473494,Low Usage
2025-02-24 16:38:40.624328,16,0,1726.3480491704738,0.27281883763630393,22.904765659137507,Low Usage
2025-02-24 17:08:40.624328,17,0,2338.8714470583323,0.8375184506328968,23.817165360954192,High Usage
2025-02-24 17:38:40.624328,17,0,2359.567403534149,0.7643736389574824,21.038880054096687,High Usage
2025-02-24 18:08:40.624328,18,0,2220.44755267374,0.8258193861521914,21.179270639628527,High Usage
2025-02-24 18:38:40.624328,18,0,2820.0125567502564,0.851889200769675,20.675797775820328,High Usage
2025-02-24 19:08:40.624328,19,0,2019.1164942090045,0.7109233318472676,23.220548886424613,High Usage
2025-02-24 19:38:40.624328,19,0,2533.0895163850937,0.8189051032650149,18.188072151888875,High Usage
2025-02-24 20:08:40.624328,20,0,2258.3055985656733,0.7222872282899628,21.51476023961589,High Usage
2025-02-24 20:38:40.624328,20,0,2540.1406159182848,0.8780864919128484,24.5998966507764,High Usage
2025-02-24 21:08:40.624328,21,0,2031.1066330383176,0.28785057177687395,23.389513556080406,Low Usage
2025-02-24 21:38:40.624328,21,0,1848.0258748684455,0.3783866140289235,20.517501714531722,Low Usage
2025-02-24 22:08:40.624328,22,0,2231.8640029961134,0.35255945209654715,22.384649295146694,Low Usage
2025-02-24 22:38:40.624328,22,0,2445.952084869698,0.3335837828709325,23.602163043612954,Low Usage
2025-02-24 23:08:40.624328,23,0,1784.6244048785068,0.489309103136185,22.460636287056495,Low Usage
2025-02-24 23:38:40.624328,23,0,1655.674690099665,0.4075011036286138,21.34395995993311,Low Usage
2025-02-25 00:08:40.624328,0,1,2220.982389673048,0.2799595718207198,25.208466498585423,Low Usage
2025-02-25 00:38:40.624328,0,1,1842.4984468333637,0.40595013531810287,24.00824118715723,Low Usage
2025-02-25 01:08:40.624328,1,1,2041.6065576920237,0.498504215807369,17.773191514723507,Low Usage
2025-02-25 01:38:40.624328,1,1,2222.915230857273,0.39653062081031143,25.71923631579563,Low Usage
2025-02-25 02:08:40.624328,2,1,1630.0099017107455,0.41353599952136677,25.96825508845894,Low Usage
2025-02-25 02:38:40.624328,2,1,2260.131461234534,0.2848888866862257,28.434965122951972,Low Usage
2025-02-25 03:08:40.624328,3,1,1970.3993010155991,0.26943471625616056,29.183771361809402,Low Usage
2025-02-25 03:38:40.624328,3,1,1979.1574585692827,0.30233699892508237,29.40263647325302,Low Usage
2025-02-25 04:08:40.624328,4,1,2191.78303695592,0.4728847303103651,30.033289265925582,Low Usage
2025-02-25 04:38:40.624328,4,1,1812.8361460963629,0.4510234135331515,28.31216010559441,Low Usage
2025-02-25 05:08:40.624328,5,1,1769.3959655697267,0.4986685867966277,30.47523992705936,Low Usage
2025-02-25 05:38:40.624328,5,1,1911.249068995476,0.372811673772779,27.085488384761405,Low Usage
2025-02-25 06:08:40.624328,6,1,2944.234169227693,0.8878919029259537,30.452829745561715,High Usage
2025-02-25 06:38:40.624328,6,1,2985.4872669625506,0.8095198792578453,27.919601992899363,High Usage
2025-02-25 07:08:40.624328,7,1,2435.595562300618,0.7395126241118288,30.26239972781751,High Usage
2025-02-25 07:38:40.624328,7,1,1990.6129386516768,0.7020991040601906,30.692037552101457,High Usage
2025-02-25 08:08:40.624328,8,1,2155.8324552365807,0.9701497579382787,26.099229511560477,High Usage
2025-02-25 08:38:40.624328,8,1,2610.7853842691165,0.7030710824814008,30.126036534660003,High Usage
2025-02-25 09:08:40.624328,9,1,2574.1926510756884,0.9288725251040768,27.870142726183264,High Usage
2025-02-25 09:38:40.624328,9,1,2915.8253324526736,0.8434420681395549,26.634694395681162,High Usage
2025-02-25 10:08:40.624328,10,1,1944.7965250177824,0.27048825441229096,24.262479872464944,Low Usage
2025-02-25 10:38:40.624328,10,1,2070.9877899154158,0.2859033904957462,27.495845463630143,Low Usage
2025-02-25 11:08:40.624328,11,1,2107.1498885433634,0.33227187934620317,22.66041022857289,Low Usage
2025-02-25 11:38:40.624328,11,1,2086.1196949993614,0.24333205313717335,23.764612341081403,Low Usage
2025-02-25 12:08:40.624328,12,1,1790.5639578433618,0.4107898731015951,24.198261760821882,Low Usage
2025-02-25 12:38:40.624328,12,1,1881.2892746809575,0.47928629007532764,27.128868392842513,Low Usage
2025-02-25 13:08:40.624328,13,1,1745.6546935054344,0.4468436123981811,26.027628717457866,Low Usage
2025-02-25 13:38:40.624328,13,1,1716.7067467530774,0.37883650839383826,24.750567369631742,Low Usage
2025-02-25 14:08:40.624328,14,1,1541.7123392685944,0.2992031947971554,26.158835377455343,Low Usage
2025-02-25 14:38:40.624328,14,1,1845.9872651571673,0.20118210776273523,17.009120283075937,Low Usage
2025-02-25 15:08:40.624328,15,1,2122.96706416445,0.43358875860378016,22.825345400019987,Low Usage
2025-02-25 15:38:40.624328,15,1,2153.952826244543,0.31018793723977356,20.556493331156073,Low Usage
2025-02-25 16:08:40.624328,16,1,2104.1813899324607,0.3893929491419935,22.234463160426447,Low Usage
2025-02-25 16:38:40.624328,16,1,2167.848605078608,0.49882577597085126,22.330982682315124,Low Usage
2025-02-25 17:08:40.624328,17,1,2439.387985342739,0.7405463298207512,18.752186479133826,High Usage
2025-02-25 17:38:40.624328,17,1,2567.6669316964576,0.8731264727508956,16.14408946439039,High Usage
2025-02-25 18:08:40.624328,18,1,2406.335322703654,0.6630151790936225,19.8247619230365,High Usage
2025-02-25 18:38:40.624328,18,1,2369.9075758815075,0.6234797852307156,19.027286991734844,High Usage
2025-02-25 19:08:40.624328,19,1,2605.9276915416226,0.8820393200624572,21.89948663803521,High Usage
2025-02-25 19:38:40.624328,19,1,2793.969339056894,0.6331851672193564,18.665429850776025,High Usage
2025-02-25 20:08:40.624328,20,1,2051.8313228604156,0.7434505544564964,20.227093315031233,High Usage
2025-02-25 20:38:40.624328,20,1,2834.1300425484346,0.7793403122808826,21.492195028575708,High Usage
2025-02-25 21:08:40.624328,21,1,1865.2932003916944,0.37198882117725995,21.421692632479445,Low Usage
2025-02-25 21:38:40.624328,21,1,1922.418257317978,0.37273779776121113,24.011617698315597,Low Usage
2025-02-25 22:08:40.624328,22,1,2216.087313709146,0.20984310896934832,23.010812572527175,Low Usage
2025-02-25 22:38:40.624328,22,1,2164.461672242029,0.22570520457609333,22.805378844132143,Low Usage
2025-02-25 23:08:40.624328,23,1,2173.9714224670997,0.4284578849478835,23.519038549579054,Low Usage
2025-02-25 23:38:40.624328,23,1,2009.5346627716208,0.4815288926143,21.28441616579567,Low Usage
2025-02-26 00:08:40.624328,0,2,1836.210515240454,0.45563026496140213,23.700381931041743,Low Usage
2025-02-26 00:38:40.624328,0,2,2226.8451434490185,0.2626914600207141,29.013454503820398,Low Usage
2025-02-26 01:08:40.624328,1,2,2014.8234199778228,0.37376691446779714,27.06365001309186,Low Usage
2025-02-26 01:38:40.624328,1,2,1985.2900592284805,0.49671248938001233,24.874049201706413,Low Usage
2025-02-26 02:08:40.624328,2,2,2176.996571871691,0.2960062974230078,24.455795777190293,Low Usage
2025-02-26 02:38:40.624328,2,2,1997.8937197758578,0.20710981440553528,26.124925363162244,Low Usage
2025-02-26 03:08:40.624328,3,2,2200.872882656309,0.20576502810053823,23.17429237073317,Low Usage
2025-02-26 03:38:40.624328,3,2,1794.2081954914017,0.26022467505696745,30.928356388680207,Low Usage
2025-02-26 04:08:40.624328,4,2,1636.4660279499833,0.2787642019374961,27.12989653926227,Low Usage
2025-02-26 04:38:40.624328,4,2,1597.1431349563559,0.4411308641739973,29.44999528019922,Low Usage
2025-02-26 05:08:40.624328,5,2,1782.548627462082,0.39203906778889674,31.578816916882403,Low Usage
2025-02-26 05:38:40.624328,5,2,1922.4664160266022,0.2557241882974211,33.26812036226302,Low Usage
2025-02-26 06:08:40.624328,6,2,2241.838331660913,0.9111036874290115,30.584282590564758,High Usage
2025-02-26 06:38:40.624328,6,2,2591.312524351168,0.8651385132999612,29.729730002769607,High Usage
2025-02-26 07:08:40.624328,7,2,2355.7958985273126,0.7783515020600402,30.004300367600777,High Usage
2025-02-26 07:38:40.624328,7,2,2366.8083258083316,0.8757036897476079,28.907396345258082,High Usage
2025-02-26 08:08:40.624328,8,2,2338.8527670849053,0.8596467113721794,31.48004054213753,High Usage
2025-02-26 08:38:40.624328,8,2,2895.706582623226,0.9612399612804634,30.699589366006258,High Usage
2025-02-26 09:08:40.624328,9,2,2646.500480998219,0.7668184855495475,27.01577939240761,High Usage
2025-02-26 09:38:40.624328,9,2,2775.891124325237,0.7256786432862004,29.699087135232624,High Usage
2025-02-26 10:08:40.624328,10,2,2135.7619661999493,0.2343881454373832,26.71378477904696,Low Usage
2025-02-26 10:38:40.624328,10,2,1691.8221422873655,0.38649024871156423,30.381950378950762,Low Usage
2025-02-26 11:08:40.624328,11,2,2359.7837380666288,0.3961557582889442,26.850418232367062,Low Usage
2025-02-26 11:38:40.624328,11,2,1745.45604233303,0.33212915796289316,25.29926982679685,Low Usage
2025-02-26 12:08:40.624328,12,2,1823.351701598709,0.47282691693006584,25.31589984041218,Low Usage
2025-02-26 12:38:40.624328,12,2,1995.8782105427467,0.359893679830125,25.8677409320485,Low Usage
2025-02-26 13:08:40.624328,13,2,2014.0785638175682,0.2234233811116126,23.726470111948572,Low Usage
2025-02-26 13:38:40.624328,13,2,2108.7154508631975,0.2722791272177637,22.003420481748144,Low Usage
2025-02-26 14:08:40.624328,14,2,1889.6303169667744,0.2630083949480585,20.795345526315632,Low Usage
2025-02-26 14:38:40.624328,14,2,1971.3620935287904,0.35113151081192473,23.86144242243802,Low Usage
2025-02-26 15:08:40.624328,15,2,1964.5438045785593,0.39733129364148423,21.13428565041697,Low Usage
2025-02-26 15:38:40.624328,15,2,2038.7151665035385,0.2143259279312026,23.75780268980806,Low Usage
2025-02-26 16:08:40.624328,16,2,2015.735844048784,0.22052048861955936,21.251956913173725,Low Usage
2025-02-26 16:38:40.624328,16,2,1981.253911476473,0.33069199611814315,21.185963473059928,Low Usage
2025-02-26 17:08:40.624328,17,2,2827.1903982241442,0.7012498083803121,21.109125023615363,High Usage
2025-02-26 17:38:40.624328,17,2,2762.1245021453637,0.891742031225792,18.3133001554029,High Usage
2025-02-26 18:08:40.624328,18,2,2146.8739150069428,0.7847656244663797,19.859165764545125,High Usage
2025-02-26 18:38:40.624328,18,2,2655.9454120644946,0.8559849201120895,15.577036743704483,High Usage
2025-02-26 19:08:40.624328,19,2,2620.9133809931095,0.7195036077841189,18.786047015502923,High Usage
2025-02-26 19:38:40.624328,19,2,2537.9806068781863,0.6777914847842421,17.79277157428745,High Usage
2025-02-26 20:08:40.624328,20,2,2078.1269230750536,0.8672478557001226,21.567174002590413,High Usage
2025-02-26 20:38:40.624328,20,2,2459.9860685970702,0.602847727627441,21.168823776101537,High Usage
2025-02-26 21:08:40.624328,21,2,2104.616636409209,0.44475979501660357,19.063872227104884,Low Usage
2025-02-26 21:38:40.624328,21,2,2168.394640873534,0.3914322312935014,22.738647031545035,Low Usage
2025-02-26 22:08:40.624328,22,2,2249.251608417513,0.3132207793940379,21.20371480268713,Low Usage
2025-02-26 22:38:40.624328,22,2,2150.19278116764,0.46357241818197775,24.96075609795626,Low Usage
2025-02-26 23:08:40.624328,23,2,1779.5077660004658,0.3744287617853824,24.271108245592554,Low Usage
2025-02-26 23:38:40.624328,23,2,2090.0570428075166,0.4073812978380281,25.622749263515114,Low Usage
2025-02-27 00:08:40.624328,0,3,1760.0451660308156,0.45810533227751044,29.244905356123084,Low Usage
2025-02-27 00:38:40.624328,0,3,2243.5292263249817,0.3401931046133916,23.240797467972843,Low Usage
2025-02-27 01:08:40.624328,1,3,1870.9508181744827,0.23118026232671499,29.450054507740553,Low Usage
2025-02-27 01:38:40.624328,1,3,2043.0045698667732,0.2920225245368183,26.47021762847247,Low Usage
2025-02-27 02:08:40.624328,2,3,1967.7813327595627,0.3175902774072563,25.32799575996792,Low Usage
2025-02-27 02:38:40.624328,2,3,1782.3550887720844,0.22803502168334633,25.726754190640623,Low Usage
2025-02-27 03:08:40.624328,3,3,2152.5598837746916,0.29667757190239064,29.697219463612903,Low Usage
2025-02-27 03:38:40.624328,3,3,2030.027517050187,0.3660209113247951,29.415562122830607,Low Usage
2025-02-27 04:08:40.624328,4,3,2381.115006173507,0.23859407097412189,30.4290320031537,Low Usage
2025-02-27 04:38:40.624328,4,3,2072.1169497875667,0.22081378198766521,27.54812839334271,Low Usage
2025-02-27 05:08:40.624328,5,3,2150.3515737281573,0.2761224024823991,28.681554614159733,Low Usage
2025-02-27 05:38:40.624328,5,3,1677.905141687847,0.4365457539991342,25.108909488941112,Low Usage
2025-02-27 06:08:40.624328,6,3,2759.031927613574,0.9028892002436661,30.670739825628623,High Usage
2025-02-27 06:38:40.624328,6,3,2615.113096458085,0.7124008770863347,32.30661818719334,High Usage
2025-02-27 07:08:40.624328,7,3,2534.4162591818235,0.9055670247754303,31.480965621331332,High Usage
2025-02-27 07:38:40.624328,7,3,3026.168671395889,0.7164306992973455,31.663358396561264,High Usage
2025-02-27 08:08:40.624328,8,3,2277.9436882197256,0.8852829397329649,27.147141509446353,High Usage
2025-02-27 08:38:40.624328,8,3,2514.3662320729877,0.9955043549126156,31.001237902029263,High Usage
2025-02-27 09:08:40.624328,9,3,2702.994077917357,0.8402300857148072,25.146575303386186,High Usage
2025-02-27 09:38:40.624328,9,3,3051.199664341584,0.7874872912769543,29.34141277524442,High Usage
2025-02-27 10:08:40.624328,10,3,1944.7020279308333,0.27632186531451164,25.844502938123608,Low Usage
2025-02-27 10:38:40.624328,10,3,2036.556116358367,0.3254046667411973,26.029176357897093,Low Usage
2025-02-27 11:08:40.624328,11,3,2184.8921651111154,0.46175978931580114,23.97091230835924,Low Usage
2025-02-27 11:38:40.624328,11,3,2476.775899499173,0.43048092001010374,23.30837487114457,Low Usage
2025-02-27 12:08:40.624328,12,3,2048.2082590201453,0.4588967599612068,27.338558883580443,Low Usage
2025-02-27 12:38:40.624328,12,3,2006.7081757343014,0.2575980846712773,23.79839782290503,Low Usage
2025-02-27 13:08:40.624328,13,3,2068.876938282234,0.4480633387020613,23.57017542065287,Low Usage
2025-02-27 13:38:40.624328,13,3,2132.5888815353537,0.3728890961946878,24.76386564274388,Low Usage
2025-02-27 14:08:40.624328,14,3,2002.0260950758568,0.43391592759226616,23.66582606424827,Low Usage
2025-02-27 14:38:40.624328,14,3,1662.4209458661835,0.25193925927554117,19.311483871628823,Low Usage
2025-02-27 15:08:40.624328,15,3,2204.658660347255,0.2661824091457162,20.57131090058179,Low Usage
2025-02-27 15:38:40.624328,15,3,1895.4430764649405,0.2008304718129207,20.639572633666287,Low Usage
2025-02-27 16:08:40.624328,16,3,1894.2362964091321,0.48713966627298755,16.236139947795962,Low Usage
2025-02-27 16:38:40.624328,16,3,1968.3955532902282,0.2538980617115993,22.673223756062256,Low Usage
2025-02-27 17:08:40.624328,17,3,2550.7418700187973,0.6693169057586433,17.569032838512815,High Usage
2025-02-27 17:38:40.624328,17,3,2696.496439259266,0.6704285336823904,18.38527553950689,High Usage
2025-02-27 18:08:40.624328,18,3,2578.7273741935137,0.7289292672041126,18.17589425431592,High Usage
2025-02-27 18:38:40.624328,18,3,2181.548889280424,0.6309436439993971,19.29584840606034,High Usage
2025-02-27 19:08:40.624328,19,3,2252.0705481343152,0.6643505486847465,16.216370756478405,High Usage
2025-02-27 19:38:40.624328,19,3,2592.3313335682265,0.6840322830214987,20.654010636980797,High Usage
2025-02-27 20:08:40.624328,20,3,2272.782455393334,0.8113590067840987,17.862851810342296,High Usage
2025-02-27 20:38:40.624328,20,3,2364.4217355239152,0.830372855810446,24.3441937957827,High Usage
2025-02-27 21:08:40.624328,21,3,2132.535283496779,0.43209366771170304,23.243207238147825,Low Usage
2025-02-27 21:38:40.624328,21,3,2349.015068627237,0.4837078607826239,22.207790709002705,Low Usage
2025-02-27 22:08:40.624328,22,3,1616.2629956648107,0.23695685755595852,22.96016184061609,Low Usage
2025-02-27 22:38:40.624328,22,3,1913.1599751908989,0.3999978229538723,23.461339842190633,Low Usage
2025-02-27 23:08:40.624328,23,3,1664.9263691855356,0.21884938844551488,25.17099033090195,Low Usage
2025-02-27 23:38:40.624328,23,3,1927.499515389695,0.394408688593629,25.08929765284911,Low Usage
2025-02-28 00:08:40.624328,0,4,1904.3192879528585,0.43560320506367006,20.5482904613826,Low Usage
2025-02-28 00:38:40.624328,0,4,1907.8313346314824,0.34212790086162526,26.910505746104104,Low Usage
2025-02-28 01:08:40.624328,1,4,2161.1493629333418,0.3319196149479654,24.741034835234718,Low Usage
2025-02-28 01:38:40.624328,1,4,2153.9744059222394,0.2953944816753219,28.415100429523136,Low Usage
2025-02-28 02:08:40.624328,2,4,1968.0042249982737,0.24099645748486756,24.908906640851534,Low Usage
2025-02-28 02:38:40.624328,2,4,1948.4292181262358,0.21711720574704055,25.141753619217297,Low Usage
2025-02-28 03:08:40.624328,3,4,2503.757473694325,0.469575419807785,29.16845034463301,Low Usage
2025-02-28 03:38:40.624328,3,4,1810.0436662094119,0.27543349733051253,32.9143124909729,Low Usage
2025-02-28 04:08:40.624328,4,4,1787.1486885329705,0.33305398154505106,26.891183779970596,Low Usage
2025-02-28 04:38:40.624328,4,4,2074.5067764267915,0.41533528127982067,29.31483155981727,Low Usage
2025-02-28 05:08:40.624328,5,4,2059.6708794827214,0.32692272546704737,28.82058722847973,Low Usage
2025-02-28 05:38:40.624328,5,4,1939.7002477547792,0.22451834454845207,30.059640166061037,Low Usage
2025-02-28 06:08:40.624328,6,4,2800.5207347844294,0.7651717304005002,31.622809911671364,High Usage
2025-02-28 06:38:40.624328,6,4,2160.202320136966,0.7335672536310506,31.734024852340646,High Usage
2025-02-28 07:08:40.624328,7,4,2775.4331766199894,0.8790352017913786,32.05117033635787,High Usage
2025-02-28 07:38:40.624328,7,4,2371.072320970288,0.9129677738149373,28.491938370666848,High Usage
2025-02-28 08:08:40.624328,8,4,2495.6828010104105,0.9936972984216881,27.642605540077167,High Usage
2025-02-28 08:38:40.624328,8,4,2311.1030998544784,0.9594833732004537,28.888391989857755,High Usage
2025-02-28 09:08:40.624328,9,4,3080.4579235476845,0.8468000822220102,25.47332485193329,High Usage
2025-02-28 09:38:40.624328,9,4,2595.6675931097802,0.8367414450853868,32.04884891966938,High Usage
2025-02-28 10:08:40.624328,10,4,1965.3062604894903,0.3295232220992447,27.37414395259688,Low Usage
2025-02-28 10:38:40.624328,10,4,2155.402998876406,0.3282210263311987,26.420982107172886,Low Usage
2025-02-28 11:08:40.624328,11,4,1939.5376232974718,0.48179203996222547,27.185485939777912,Low Usage
2025-02-28 11:38:40.624328,11,4,1991.9203044960768,0.40101735988334064,28.514470636389724,Low Usage
2025-02-28 12:08:40.624328,12,4,2023.507268938479,0.21772629974561908,27.856539679072014,Low Usage
2025-02-28 12:38:40.624328,12,4,1956.7417883428361,0.3658412731179973,25.700161088927036,Low Usage
2025-02-28 13:08:40.624328,13,4,2191.813941442795,0.3968330887344803,23.281809500545855,Low Usage
2025-02-28 13:38:40.624328,13,4,1770.4280750647981,0.33903251348972463,24.150414335919947,Low Usage
2025-02-28 14:08:40.624328,14,4,1987.692560926041,0.21880531900998895,23.45757446029177,Low Usage
2025-02-28 14:38:40.624328,14,4,1972.336532512959,0.37748991186813385,21.54231903268535,Low Usage
2025-02-28 15:08:40.624328,15,4,2138.116665613905,0.37825901130270206,24.35515648804614,Low Usage
2025-02-28 15:38:40.624328,15,4,2197.5447182180083,0.462399120454644,21.229029847263085,Low Usage
2025-02-28 16:08:40.624328,16,4,2352.003051646389,0.3514965267618869,21.795013519332983,Low Usage
2025-02-28 16:38:40.624328,16,4,1830.9383455056502,0.33705098436627223,21.51775882298456,Low Usage
2025-02-28 17:08:40.624328,17,4,2304.155228689651,0.8996870863905027,18.563586869046073,High Usage
2025-02-28 17:38:40.624328,17,4,2229.624100256263,0.8375042277462897,17.589942476445398,High Usage
2025-02-28 18:08:40.624328,18,4,2690.4410296973156,0.7061466955367852,23.491218236867592,High Usage
2025-02-28 18:38:40.624328,18,4,2474.308328252732,0.7858247898319876,18.1788326592214,High Usage
2025-02-28 19:08:40.624328,19,4,2267.729566153773,0.8341857036982436,18.545506121593988,High Usage
2025-02-28 19:38:40.624328,19,4,2538.5201080103166,0.6204515482598153,22.511626087754486,High Usage
2025-02-28 20:08:40.624328,20,4,2019.0724887498304,0.6552321499472832,21.209807140525218,High Usage
2025-02-28 20:38:40.624328,20,4,2600.8839253535157,0.6032081859365134,16.11585230349229,High Usage
2025-02-28 21:08:40.624328,21,4,1756.4792784975473,0.24696328384730484,22.026281357149518,Low Usage
2025-02-28 21:38:40.624328,21,4,2128.2463712615113,0.4227429979404375,17.542873783579168,Low Usage
2025-02-28 22:08:40.624328,22,4,1994.8495513683326,0.4969356562548148,23.65011078025757,Low Usage
2025-02-28 22:38:40.624328,22,4,1701.047505958759,0.33507303319169823,21.343542740809827,Low Usage
2025-02-28 23:08:40.624328,23,4,2221.8005292942776,0.2995770166590448,22.417213198797636,Low Usage
2025-02-28 23:38:40.624328,23,4,1976.1696075313264,0.4302877241425892,19.694497727829717,Low Usage
2025-03-01 00:08:40.624328,0,5,2079.268830107823,0.28750300811884816,22.589192740524297,Low Usage
2025-03-01 00:38:40.624328,0,5,1826.1734232847525,0.26438984157003614,24.2548145062992,Low Usage
2025-03-01 01:08:40.624328,1,5,2238.4382886585936,0.14117461667364883,27.37969552555122,Low Usage
2025-03-01 01:38:40.624328,1,5,1983.4139156117826,0.24450736422157932,27.05908087026301,Low Usage
2025-03-01 02:08:40.624328,2,5,2006.2753621405695,0.20159888136206447,26.42852523298329,Low Usage
2025-03-01 02:38:40.624328,2,5,1776.8810409408213,0.2770950279005446,25.822383162401227,Low Usage
2025-03-01 03:08:40.624328,3,5,2062.7101197597763,0.3377443269359775,28.32169341039182,Low Usage
2025-03-01 03:38:40.624328,3,5,1961.1103741702075,0.2220648113113603,29.943521023118027,Low Usage
2025-03-01 04:08:40.624328,4,5,1983.7265311968301,0.19231490484702582,30.670883518520785,Low Usage
2025-03-01 04:38:40.624328,4,5,1743.957229418231,0.16044625366690315,26.406723330008138,Low Usage
2025-03-01 05:08:40.624328,5,5,1846.9382580327506,0.16009945081441612,28.914709204228796,Low Usage
2025-03-01 05:38:40.624328,5,5,1688.9990119882493,0.20885143516566115,27.599345200745255,Low Usage
2025-03-01 06:08:40.624328,6,5,2688.431302101819,0.5687434000081512,29.842750063690854,Low Usage
2025-03-01 06:38:40.624328,6,5,2793.3034535394695,0.5749551377094639,29.91063044465252,Low Usage
2025-03-01 07:08:40.624328,7,5,2401.801849236455,0.5123442146633437,28.980822323651616,Low Usage
2025-03-01 07:38:40.624328,7,5,2835.03430790796,0.6249338933707137,25.314746346778403,High Usage
2025-03-01 08:08:40.624328,8,5,2415.320275362687,0.5892614671893431,26.1951270488712,Low Usage
2025-03-01 08:38:40.624328,8,5,2210.6490881626864,0.5120595948743487,31.941749127894354,Low Usage
2025-03-01 09:08:40.624328,9,5,2701.424958242853,0.6878244819646916,28.879866362778976,High Usage
2025-03-01 09:38:40.624328,9,5,2307.855053925272,0.6861480504472769,31.383463405333885,High Usage
2025-03-01 10:08:40.624328,10,5,2119.7995072528533,0.2820810057900159,26.860605065507134,Low Usage
2025-03-01 10:38:40.624328,10,5,1766.042308893878,0.28022350801984697,24.47557226196406,Low Usage
2025-03-01 11:08:40.624328,11,5,1747.8968456097546,0.21524225307530745,27.94761940414828,Low Usage
2025-03-01 11:38:40.624328,11,5,2384.201266273626,0.2603618598860092,27.49905401588561,Low Usage
2025-03-01 12:08:40.624328,12,5,1977.4926961110316,0.1624110988915343,23.3404512261839,Low Usage
2025-03-01 12:38:40.624328,12,5,1600.387656718947,0.24712539847911508,24.50550002002391,Low Usage
2025-03-01 13:08:40.624328,13,5,2047.2822437030677,0.3145330619967907,26.111839382890004,Low Usage
2025-03-01 13:38:40.624328,13,5,2125.0917251568153,0.23980894001541403,18.534818695098373,Low Usage
2025-03-01 14:08:40.624328,14,5,2067.1831725061834,0.3350884745784621,20.45266366588102,Low Usage
2025-03-01 14:38:40.624328,14,5,2033.6756478917487,0.14206677774059684,19.993913789215608,Low Usage
2025-03-01 15:08:40.624328,15,5,1917.1760430296215,0.1440722236858389,24.541470640988834,Low Usage
2025-03-01 15:38:40.624328,15,5,2077.5826427062752,0.17828590881894557,17.235182843955084,Low Usage
2025-03-01 16:08:40.624328,16,5,1889.9677235260174,0.1951273756087208,20.985556867314777,Low Usage
2025-03-01 16:38:40.624328,16,5,1942.2125140758933,0.21350564805715572,19.764543442170794,Low Usage
2025-03-01 17:08:40.624328,17,5,2431.9974983167626,0.5337914770091262,16.433614805883007,Low Usage
2025-03-01 17:38:40.624328,17,5,2355.2270388673383,0.5087308773170715,17.659383005405164,Low Usage
2025-03-01 18:08:40.624328,18,5,2006.9875866652746,0.5058227510557537,14.368346366020475,Low Usage
2025-03-01 18:38:40.624328,18,5,2252.161574917013,0.5405760601495639,22.299587194040967,Low Usage
2025-03-01 19:08:40.624328,19,5,2870.940233889646,0.5674777536207642,18.047115988593703,Low Usage
2025-03-01 19:38:40.624328,19,5,2375.8741410556745,0.5958898922949013,18.60607548630907,Low Usage
2025-03-01 20:08:40.624328,20,5,2074.6945122333423,0.4583875457008797,23.23357190104878,Low Usage
2025-03-01 20:38:40.624328,20,5,2166.966821872482,0.43510478675836123,21.347972443909487,Low Usage
2025-03-01 21:08:40.624328,21,5,1818.8589790537937,0.1644073315299521,20.06418637303802,Low Usage
2025-03-01 21:38:40.624328,21,5,1743.636725435476,0.24886574482982932,19.80804851208761,Low Usage
2025-03-01 22:08:40.624328,22,5,2042.1747094818913,0.25768573601319644,24.940335965985255,Low Usage
2025-03-01 22:38:40.624328,22,5,1899.6547550014059,0.3161268184184881,22.441692012754125,Low Usage
2025-03-01 23:08:40.624328,23,5,1865.7211088301667,0.2145946866013285,21.357736840577875,Low Usage
2025-03-01 23:38:40.624328,23,5,1827.1672435321352,0.19183224987315473,21.87974410422979,Low Usage
2025-03-02 00:08:40.624328,0,6,2157.8214623948884,0.3163616752444821,24.663193707707975,Low Usage
2025-03-02 00:38:40.624328,0,6,1732.0159163980702,0.3206778056605213,24.7582897035377,Low Usage
2025-03-02 01:08:40.624328,1,6,2182.047578027256,0.3407263973938097,24.5210675488899,Low Usage
2025-03-02 01:38:40.624328,1,6,1915.3784275334406,0.3031140039462816,26.381153900905993,Low Usage
2025-03-02 02:08:40.624328,2,6,1675.4225707121884,0.23809952139154836,22.44194690511684,Low Usage
2025-03-02 02:38:40.624328,2,6,1855.7403323701199,0.1406751015595765,26.634667773764843,Low Usage
2025-03-02 03:08:40.624328,3,6,2271.8039493264005,0.2999633031777248,29.512679679294596,Low Usage
2025-03-02 03:38:40.624328,3,6,2111.3886578490824,0.18750916326943498,25.982991347482454,Low Usage
2025-03-02 04:08:40.624328,4,6,1884.2200469486252,0.20131840251831792,32.24635925737365,Low Usage
2025-03-02 04:38:40.624328,4,6,1757.4716605578749,0.33348664353753266,30.52926723234909,Low Usage
2025-03-02 05:08:40.624328,5,6,2298.960253080938,0.14605410754405124,31.927675064785472,Low Usage
2025-03-02 05:38:40.624328,5,6,1600.4403391319802,0.2885330407267994,29.935731554090307,Low Usage
2025-03-02 06:08:40.624328,6,6,2263.976165487563,0.6746393387317778,30.388786609034124,High Usage
2025-03-02 06:38:40.624328,6,6,2538.486760981595,0.6878270286102315,29.717470121181126,High Usage
2025-03-02 07:08:40.624328,7,6,2362.1220416891574,0.512999909637282,26.57799028330869,Low Usage
2025-03-02 07:38:40.624328,7,6,2686.7741019349546,0.5904884671865416,27.800306830805535,Low Usage
2025-03-02 08:08:40.624328,8,6,2614.676968930789,0.6690437302564787,27.752048448696286,High Usage
2025-03-02 08:38:40.624328,8,6,2640.405360291317,0.6137581629039484,28.192364302731466,High Usage
2025-03-02 09:08:40.624328,9,6,2513.35859380125,0.5856630003711633,29.64174957025944,Low Usage
2025-03-02 09:38:40.624328,9,6,2898.454313082796,0.6047758406388871,29.556879656261955,High Usage
2025-03-02 10:08:40.624328,10,6,2025.3819554128456,0.1650250038236022,28.11498742249904,Low Usage
2025-03-02 10:38:40.624328,10,6,1715.5039822212902,0.32746937521904235,27.95153808852144,Low Usage
2025-03-02 11:08:40.624328,11,6,2048.256751185146,0.19863832325008338,28.05917734646536,Low Usage
2025-03-02 11:38:40.624328,11,6,2080.755975340821,0.15053910197346856,26.8460294849522,Low Usage
2025-03-02 12:08:40.624328,12,6,1843.8785835945237,0.2449961603515233,25.80282610246939,Low Usage
2025-03-02 12:38:40.624328,12,6,2202.8786376838557,0.23695226728064553,21.492494957785496,Low Usage
2025-03-02 13:08:40.624328,13,6,2151.6761603542554,0.3015404385483838,24.650661734724743,Low Usage
2025-03-02 13:38:40.624328,13,6,2058.236103928595,0.14495872873149956,23.38500909660116,Low Usage
2025-03-02 14:08:40.624328,14,6,1933.4008420006403,0.19921846957330042,22.32934629575069,Low Usage
2025-03-02 14:38:40.624328,14,6,1798.744761327825,0.1578105920618639,23.75739451243551,Low Usage
2025-03-02 15:08:40.624328,15,6,1983.6723546179176,0.15137703777003073,18.99899468367787,Low Usage
2025-03-02 15:38:40.624328,15,6,1859.670265377165,0.18301575065661504,18.78386128501636,Low Usage
2025-03-02 16:08:40.624328,16,6,1680.1521667868356,0.2447473839620352,25.049985342469967,Low Usage
2025-03-02 16:38:40.624328,16,6,2240.605240829539,0.22491963969621798,22.449547353015973,Low Usage
2025-03-02 17:08:40.624328,17,6,2488.8239747431658,0.5949540219009736,21.69233772958959,Low Usage
2025-03-02 17:38:40.624328,17,6,2066.5476493953565,0.4646897113113768,20.86559542733152,Low Usage
2025-03-02 18:08:40.624328,18,6,2499.050656791003,0.5928872822955106,18.858974160231025,Low Usage
2025-03-02 18:38:40.624328,18,6,2130.5000099980434,0.5376930883781778,21.094950308958698,Low Usage
2025-03-02 19:08:40.624328,19,6,2189.5268485496263,0.5549723637673063,21.143716824319874,Low Usage
2025-03-02 19:38:40.624328,19,6,2408.2718809021244,0.4241479250644466,19.14774043015543,Low Usage
2025-03-02 20:08:40.624328,20,6,2697.964479825726,0.4963249082021302,20.546461801739273,Low Usage
2025-03-02 20:38:40.624328,20,6,2636.9668374084476,0.5609357370997998,19.450930409310804,Low Usage
2025-03-02 21:08:40.624328,21,6,1779.7452161367937,0.1663782426108436,24.399148800588197,Low Usage
2025-03-02 21:38:40.624328,21,6,1777.3004809060308,0.2115294352506188,19.20580608639806,Low Usage
2025-03-02 22:08:40.624328,22,6,2424.656703900839,0.31197752756586733,25.39444116700673,Low Usage
2025-03-02 22:38:40.624328,22,6,1985.726939029343,0.20013346275833366,23.241038247502736,Low Usage
2025-03-02 23:08:40.624328,23,6,1791.1725895684874,0.1920861836396555,23.043826739993953,Low Usage
2025-03-02 23:38:40.624328,23,6,2174.6291779373105,0.299988672796684,25.92244727940089,Low Usage
2025-03-03 00:08:40.624328,0,0,1752.087753610564,0.30181484872880837,26.340095427048958,Low Usage
2025-03-03 00:38:40.624328,0,0,1470.0190340346219,0.22202351034072682,23.966634763243885,Low Usage
2025-03-03 01:08:40.624328,1,0,1840.3233771737123,0.3957708615248814,28.28616523745132,Low Usage
2025-03-03 01:38:40.624328,1,0,1847.5002919910269,0.25637835017883137,29.40447863766297,Low Usage
2025-03-03 02:08:40.624328,2,0,2031.5402516009344,0.26201228068452787,27.63271870406747,Low Usage
2025-03-03 02:38:40.624328,2,0,1911.2166969043133,0.4234516498760027,29.009330286437542,Low Usage
2025-03-03 03:08:40.624328,3,0,1846.7304047782322,0.2673128832924739,27.16937638607299,Low Usage
2025-03-03 03:38:40.624328,3,0,1691.202868361012,0.3431384578867559,29.488607082627375,Low Usage
2025-03-03 04:08:40.624328,4,0,1813.375862834146,0.39267934122974746,27.668313581524355,Low Usage
2025-03-03 04:38:40.624328,4,0,1746.7747221141267,0.30479174692030186,31.519984523109247,Low Usage
2025-03-03 05:08:40.624328,5,0,1837.5450143415871,0.28556441847889513,29.52699694536663,Low Usage
2025-03-03 05:38:40.624328,5,0,2172.0928328774407,0.3786100048524607,32.55816412925305,Low Usage
2025-03-03 06:08:40.624328,6,0,2533.383575992619,0.9362621121879096,30.141350052067548,High Usage
2025-03-03 06:38:40.624328,6,0,2602.4449378485115,0.9439587918732757,30.100512545113443,High Usage
2025-03-03 07:08:40.624328,7,0,2401.9707602896506,0.7761334732582108,29.082384231651183,High Usage
2025-03-03 07:38:40.624328,7,0,2866.161184969424,0.9395196179856289,29.13910088709765,High Usage
2025-03-03 08:08:40.624328,8,0,2339.5270536458547,0.7679310240259949,31.064811620782905,High Usage
2025-03-03 08:38:40.624328,8,0,2674.5687179055467,0.8014959450751166,29.201150189619586,High Usage
2025-03-03 09:08:40.624328,9,0,2529.2686282424515,0.9588346330940432,27.385083324293937,High Usage
2025-03-03 09:38:40.624328,9,0,2561.9677218615257,0.9902401668634515,31.55964430000038,High Usage
2025-03-03 10:08:40.624328,10,0,2153.54840772007,0.4770922153812676,27.165994320622925,Low Usage
2025-03-03 10:38:40.624328,10,0,2364.671131153692,0.2382262878128983,28.58175890009134,Low Usage
2025-03-03 11:08:40.624328,11,0,1829.8673988028906,0.48648669363449387,26.952989787708812,Low Usage
2025-03-03 11:38:40.624328,11,0,2093.028681820902,0.31774669597024896,25.472895998839707,Low Usage
2025-03-03 12:08:40.624328,12,0,1908.5656907479427,0.4716748823219278,25.072655289296858,Low Usage
2025-03-03 12:38:40.624328,12,0,1878.8871894801912,0.48598229197857273,23.18948159708925,Low Usage
2025-03-03 13:08:40.624328,13,0,1873.405729661817,0.31056212286594503,27.208157864399894,Low Usage
2025-03-03 13:38:40.624328,13,0,1917.3495754111773,0.37576069574611626,23.96648295971021,Low Usage
2025-03-03 14:08:40.624328,14,0,1898.7970226543318,0.49751869939547005,22.203875333452817,Low Usage
2025-03-03 14:38:40.624328,14,0,2252.5298889886076,0.41825176428813216,22.353430163891012,Low Usage
2025-03-03 15:08:40.624328,15,0,1785.7760450931567,0.25140441621194914,21.864291478552374,Low Usage
2025-03-03 15:38:40.624328,15,0,2439.353698562297,0.4882963546143071,24.355114727350543,Low Usage
2025-03-03 16:08:40.624328,16,0,1863.8450040098985,0.45936725681326357,22.82299525254769,Low Usage
2025-03-03 16:38:40.624328,16,0,1800.2814503372215,0.258892337814744,22.431596416551727,Low Usage
2025-03-03 17:08:40.624328,17,0,2065.457403934712,0.8292362579762002,19.528371254936996,High Usage
2025-03-03 17:38:40.624328,17,0,2215.2286774544564,0.7766409112169336,16.545740544133675,High Usage
2025-03-03 18:08:40.624328,18,0,2108.09540469796,0.7614036618871779,19.545498423114903,High Usage
2025-03-03 18:38:40.624328,18,0,2673.387307642692,0.8665823727642179,19.790080380044436,High Usage
2025-03-03 19:08:40.624328,19,0,2336.203619816438,0.7560499046935953,19.78791249846483,High Usage
2025-03-03 19:38:40.624328,19,0,2484.4293214754166,0.8669966052446273,19.84425259397779,High Usage
2025-03-03 20:08:40.624328,20,0,2463.097421699535,0.700093032188185,20.208992467033084,High Usage
2025-03-03 20:38:40.624328,20,0,2335.8103804210577,0.6088738301913017,18.568202300963335,High Usage
2025-03-03 21:08:40.624328,21,0,2104.194902220652,0.2823910755329885,22.003170447767772,Low Usage
2025-03-03 21:38:40.624328,21,0,2499.2153142077736,0.40759041189371104,18.03986224150217,Low Usage
2025-03-03 22:08:40.624328,22,0,2297.3928686436193,0.2022607107217978,20.989377138477455,Low Usage
2025-03-03 22:38:40.624328,22,0,2052.6035180586327,0.40716499406876316,19.77649274062699,Low Usage
2025-03-03 23:08:40.624328,23,0,2206.347140897001,0.38491344761729007,19.232601471185433,Low Usage
2025-03-03 23:38:40.624328,23,0,2219.8540762921675,0.2204685698285017,22.505807386970147,Low Usage
2025-03-04 00:08:40.624328,0,1,1809.3239272163828,0.2490508495127792,26.405062177217264,Low Usage
2025-03-04 00:38:40.624328,0,1,2253.2633413533144,0.4129679596842419,25.90079238910455,Low Usage
2025-03-04 01:08:40.624328,1,1,1740.7187448066052,0.3470623560200282,25.50177435447816,Low Usage
2025-03-04 01:38:40.624328,1,1,1814.014415535854,0.36198871517468645,29.071839945079855,Low Usage
2025-03-04 02:08:40.624328,2,1,2291.175168020457,0.2962016068954677,28.526870265032414,Low Usage
2025-03-04 02:38:40.624328,2,1,2048.1416493649476,0.3470888043865852,29.7182909443717,Low Usage
2025-03-04 03:08:40.624328,3,1,2212.0311835873163,0.21570895140464924,26.104582108594947,Low Usage
2025-03-04 03:38:40.624328,3,1,2063.5101106131797,0.30475861267005316,29.203942044903965,Low Usage
2025-03-04 04:08:40.624328,4,1,1509.776615630592,0.3874964030755766,29.14304818646918,Low Usage
2025-03-04 04:38:40.624328,4,1,1978.9159397765159,0.4428210310132539,31.407909808037854,Low Usage
2025-03-04 05:08:40.624328,5,1,1950.4712942077606,0.2500721036487182,27.036276074825018,Low Usage
2025-03-04 05:38:40.624328,5,1,1652.1919908099503,0.4469420362903419,27.15737856847643,Low Usage
2025-03-04 06:08:40.624328,6,1,2614.9719313812,0.9407497713393844,30.49126757287226,High Usage
2025-03-04 06:38:40.624328,6,1,2702.383596314886,0.8435235893954693,32.73421307033548,High Usage
2025-03-04 07:08:40.624328,7,1,2246.685285770482,0.765769800411547,33.571229862447105,High Usage
2025-03-04 07:38:40.624328,7,1,2628.65441641647,0.7057811364602227,31.83463397501714,High Usage
2025-03-04 08:08:40.624328,8,1,2047.4860106300287,0.8397393428832816,27.520569285348763,High Usage
2025-03-04 08:38:40.624328,8,1,2434.4492267614223,0.7202592265657527,27.27952242272693,High Usage
2025-03-04 09:08:40.624328,9,1,2117.64176239633,0.8635025848363673,32.039905693232384,High Usage
2025-03-04 09:38:40.624328,9,1,2782.0562905035017,0.9409532353088657,26.385227681684565,High Usage
2025-03-04 10:08:40.624328,10,1,1741.8248204571753,0.36607790079175895,26.81343153242422,Low Usage
2025-03-04 10:38:40.624328,10,1,1885.8902098083838,0.4285282754137433,26.69134973031622,Low Usage
2025-03-04 11:08:40.624328,11,1,2083.852318454036,0.3468815608107715,28.36075933732815,Low Usage
2025-03-04 11:38:40.624328,11,1,1991.3416549758872,0.4699260725520839,26.40797615646773,Low Usage
2025-03-04 12:08:40.624328,12,1,1971.5083729159026,0.2592752368653122,26.023927053943357,Low Usage
2025-03-04 12:38:40.624328,12,1,2127.7834943017933,0.24392400314300078,23.34718898106442,Low Usage
2025-03-04 13:08:40.624328,13,1,1802.398331508913,0.40356492091448676,22.499189816565053,Low Usage
2025-03-04 13:38:40.624328,13,1,2117.6203627761083,0.3298603134263105,21.757075830118165,Low Usage
2025-03-04 14:08:40.624328,14,1,2039.9091428792563,0.35413121397659575,25.431876227427765,Low Usage
2025-03-04 14:38:40.624328,14,1,1815.500783521631,0.4478194136482779,21.74005596229289,Low Usage
2025-03-04 15:08:40.624328,15,1,2030.46696556051,0.22040092616550655,23.51623672449805,Low Usage
2025-03-04 15:38:40.624328,15,1,1977.5222498571602,0.4985551371841731,19.81364394122064,Low Usage
2025-03-04 16:08:40.624328,16,1,2221.870041918487,0.24876702789306424,22.30102133325289,Low Usage
2025-03-04 16:38:40.624328,16,1,2040.0819808788592,0.2722545767204451,20.006442012176947,Low Usage
2025-03-04 17:08:40.624328,17,1,2174.9931728809465,0.7742319706586178,20.51580595628072,High Usage
2025-03-04 17:38:40.624328,17,1,2398.1166762224757,0.8723470667872559,18.839329766821034,High Usage
2025-03-04 18:08:40.624328,18,1,2247.450410117182,0.6324044347850609,18.434888681264795,High Usage
2025-03-04 18:38:40.624328,18,1,2320.255957982395,0.697199134444524,19.575316991206293,High Usage
2025-03-04 19:08:40.624328,19,1,2539.3224275480916,0.8770913165802209,21.852102787937493,High Usage
2025-03-04 19:38:40.624328,19,1,2330.400380467263,0.7614197897244912,18.90773791814862,High Usage
2025-03-04 20:08:40.624328,20,1,2428.655628923637,0.6062079986703812,20.50781267494166,High Usage
2025-03-04 20:38:40.624328,20,1,2338.780483876833,0.6162871566439424,17.578741767365756,High Usage
2025-03-04 21:08:40.624328,21,1,2178.4468765010038,0.3780002134531466,22.52127264511864,Low Usage
2025-03-04 21:38:40.624328,21,1,1834.672369366194,0.2473710425276233,22.871313299807472,Low Usage
2025-03-04 22:08:40.624328,22,1,1626.5684028116148,0.3784223621939105,18.635307263495815,Low Usage
2025-03-04 22:38:40.624328,22,1,2052.1057944682702,0.39079574440046927,24.481113379617806,Low Usage
2025-03-04 23:08:40.624328,23,1,2060.91585373521,0.23823040713094773,22.353334482752913,Low Usage
2025-03-04 23:38:40.624328,23,1,2131.195892406453,0.4416458280904949,21.881245565626674,Low Usage
2025-03-05 00:08:40.624328,0,2,1744.9722320280684,0.3487429296462058,25.32048647766218,Low Usage
2025-03-05 00:38:40.624328,0,2,1574.0214727921248,0.21511279320254745,23.21702908338285,Low Usage
2025-03-05 01:08:40.624328,1,2,2100.9281987516133,0.2540596006256986,27.479175741074066,Low Usage
2025-03-05 01:38:40.624328,1,2,2169.516747806594,0.3832349847210296,26.050685075176446,Low Usage
2025-03-05 02:08:40.624328,2,2,1962.0838193443803,0.44085541668933514,25.884501049401067,Low Usage
2025-03-05 02:38:40.624328,2,2,1868.6454671525798,0.3141753521140282,22.681083839138537,Low Usage
2025-03-05 03:08:40.624328,3,2,2150.7871569597182,0.20910440006214442,28.222441344987093,Low Usage
2025-03-05 03:38:40.624328,3,2,2356.452213480941,0.46187222348163487,25.05026331192216,Low Usage
2025-03-05 04:08:40.624328,4,2,1720.7861540499557,0.24805471028323278,29.88031293144193,Low Usage
2025-03-05 04:38:40.624328,4,2,1582.9521673610298,0.49565443207273374,27.821940142566397,Low Usage
2025-03-05 05:08:40.624328,5,2,2269.1970591157233,0.48878525759633423,30.552375156975756,Low Usage
2025-03-05 05:38:40.624328,5,2,1944.5995859184932,0.28592067569332086,31.84858338369074,Low Usage
2025-03-05 06:08:40.624328,6,2,2506.293845734162,0.9859967672085788,30.65206228992672,High Usage
2025-03-05 06:38:40.624328,6,2,2577.277155653207,0.807152167050555,32.34001396423367,High Usage
2025-03-05 07:08:40.624328,7,2,2782.0851309483087,0.8889227757206669,28.63449569014695,High Usage
2025-03-05 07:38:40.624328,7,2,2214.3279739511813,0.8015589813679597,31.601974708781782,High Usage
2025-03-05 08:08:40.624328,8,2,2657.8312231721056,0.9345297205304112,30.291475338615882,High Usage
2025-03-05 08:38:40.624328,8,2,2609.7044753407504,0.9059235787021451,31.092392101174486,High Usage
2025-03-05 09:08:40.624328,9,2,2476.124699042299,0.8304043820388973,26.504167493816617,High Usage
2025-03-05 09:38:40.624328,9,2,2209.164573623573,0.9771847469732787,32.38055240362903,High Usage
2025-03-05 10:08:40.624328,10,2,2175.3478376607004,0.4659380802275749,28.499755564828686,Low Usage
2025-03-05 10:38:40.624328,10,2,2038.1625825031156,0.41446343401535757,26.980357721578777,Low Usage
2025-03-05 11:08:40.624328,11,2,1893.6303358819077,0.4630330552181038,23.018647996879608,Low Usage
2025-03-05 11:38:40.624328,11,2,2396.0543705758096,0.3654537028558033,24.12913824639994,Low Usage
2025-03-05 12:08:40.624328,12,2,1759.6503898271624,0.22681541459900256,26.556317623672314,Low Usage
2025-03-05 12:38:40.624328,12,2,1796.9546517609813,0.2647872959587333,24.559545595782332,Low Usage
2025-03-05 13:08:40.624328,13,2,1851.3411531283143,0.359323931326476,20.99052982647298,Low Usage
2025-03-05 13:38:40.624328,13,2,1767.5612662611595,0.45014358181234443,24.498698403572718,Low Usage
2025-03-05 14:08:40.624328,14,2,1973.9640978907153,0.497704148780175,22.67063360058559,Low Usage
2025-03-05 14:38:40.624328,14,2,2196.9189345890923,0.2763889747574917,21.037053475180468,Low Usage
2025-03-05 15:08:40.624328,15,2,1639.7011613230286,0.4102400818654848,20.297437666670586,Low Usage
2025-03-05 15:38:40.624328,15,2,1729.6786605202278,0.316642840643625,22.418819768859674,Low Usage
2025-03-05 16:08:40.624328,16,2,2192.4707701099737,0.43985657134242084,21.33258822669942,Low Usage
2025-03-05 16:38:40.624328,16,2,2351.4120593046064,0.41818729722917136,16.13077128156239,Low Usage
2025-03-05 17:08:40.624328,17,2,2663.3196515782365,0.8821150450169928,19.998748473598173,High Usage
2025-03-05 17:38:40.624328,17,2,2125.2375117736424,0.8081523752537249,22.043121248670545,High Usage
2025-03-05 18:08:40.624328,18,2,2482.241092285758,0.6075262670300021,17.236338499381223,High Usage
2025-03-05 18:38:40.624328,18,2,2427.6577777519274,0.7471826469963454,20.363781514987515,High Usage
2025-03-05 19:08:40.624328,19,2,2513.181082030484,0.7499576034214304,20.226825653578633,High Usage
2025-03-05 19:38:40.624328,19,2,2792.995210325233,0.6846515489174069,19.15955440049834,High Usage
2025-03-05 20:08:40.624328,20,2,2241.7072061072695,0.7610512722692275,22.647250802702107,High Usage
2025-03-05 20:38:40.624328,20,2,2453.9858561548212,0.6992735404372226,23.83114659829532,High Usage
2025-03-05 21:08:40.624328,21,2,1889.2525740139722,0.36732730406562153,19.401469971603607,Low Usage
2025-03-05 21:38:40.624328,21,2,1964.9911133136368,0.4890536988470889,19.416657789530646,Low Usage
2025-03-05 22:08:40.624328,22,2,1877.9889661679363,0.3058116266925724,25.86548509999275,Low Usage
2025-03-05 22:38:40.624328,22,2,2289.294550315493,0.21347128808518065,23.233322804660546,Low Usage
2025-03-05 23:08:40.624328,23,2,1973.5290015619673,0.2023613651673015,22.004994911505076,Low Usage
2025-03-05 23:38:40.624328,23,2,1983.017207921231,0.3728834103672987,24.14974982090344,Low Usage
2025-03-06 00:08:40.624328,0,3,1758.9849594263965,0.2116643879259745,22.82186443834894,Low Usage
2025-03-06 00:38:40.624328,0,3,2184.610931442414,0.4832376510242356,22.450726767191046,Low Usage
2025-03-06 01:08:40.624328,1,3,1985.5710510331141,0.31909720151882304,26.155987606237595,Low Usage
2025-03-06 01:38:40.624328,1,3,2099.078214985508,0.4106966357154076,29.17318857731897,Low Usage
2025-03-06 02:08:40.624328,2,3,1658.3461764903495,0.3500562449782133,29.885546838119303,Low Usage
2025-03-06 02:38:40.624328,2,3,2329.8728657791153,0.27029370438552447,25.970302698178266,Low Usage
2025-03-06 03:08:40.624328,3,3,2062.8170561724187,0.4038179084907997,28.071130372000283,Low Usage
2025-03-06 03:38:40.624328,3,3,1979.6946817739142,0.31349716074236617,29.919745210680905,Low Usage
2025-03-06 04:08:40.624328,4,3,2198.48731374669,0.2762513553332058,31.1272528580079,Low Usage
2025-03-06 04:38:40.624328,4,3,1834.9592977574657,0.22827628240044007,24.89978068699252,Low Usage
2025-03-06 05:08:40.624328,5,3,1858.4570467478038,0.43411708093760654,27.747174782944278,Low Usage
2025-03-06 05:38:40.624328,5,3,1633.7684339840016,0.42077290275565726,24.430402260957973,Low Usage
2025-03-06 06:08:40.624328,6,3,2630.9311475469626,0.9990689738102849,31.088982306480716,High Usage
2025-03-06 06:38:40.624328,6,3,2681.7338039204137,0.905857510927455,31.89638808427014,High Usage
2025-03-06 07:08:40.624328,7,3,2547.8408396942427,0.8833667756119508,32.187195834456425,High Usage
2025-03-06 07:38:40.624328,7,3,2448.9394113384374,0.980341277320863,30.933859609396404,High Usage
2025-03-06 08:08:40.624328,8,3,2552.261640095617,0.7724456584956954,29.619318787891828,High Usage
2025-03-06 08:38:40.624328,8,3,2743.1532817644443,0.8888066177367309,31.68177433641527,High Usage
2025-03-06 09:08:40.624328,9,3,2662.6034546561523,0.8239724980897536,26.604539603392105,High Usage
2025-03-06 09:38:40.624328,9,3,2791.4363656804057,0.8284636249683662,27.143689057030453,High Usage
2025-03-06 10:08:40.624328,10,3,1855.9480381791877,0.24665722992941413,28.889692576363586,Low Usage
2025-03-06 10:38:40.624328,10,3,1952.6648565476034,0.44163633661814117,27.39561056180308,Low Usage
2025-03-06 11:08:40.624328,11,3,2353.8407878120315,0.46457324176997944,25.31470805468133,Low Usage
2025-03-06 11:38:40.624328,11,3,1992.8031507107296,0.23416761762743185,25.185048337270842,Low Usage
2025-03-06 12:08:40.624328,12,3,2306.085438315209,0.38558708477283843,31.429409156814742,Low Usage
2025-03-06 12:38:40.624328,12,3,2247.8171831822347,0.3800583550883694,26.934477754493678,Low Usage
2025-03-06 13:08:40.624328,13,3,1946.604409000387,0.2359753059342938,27.625774371720677,Low Usage
2025-03-06 13:38:40.624328,13,3,1695.6949281614295,0.43419385393663834,22.76961538575824,Low Usage
2025-03-06 14:08:40.624328,14,3,2262.622021309822,0.24719889271022213,24.156054395021172,Low Usage
2025-03-06 14:38:40.624328,14,3,1958.4192976960271,0.42502544076643883,22.132308824887787,Low Usage
2025-03-06 15:08:40.624328,15,3,1558.0580442021223,0.33691389718541453,18.907887925998658,Low Usage
2025-03-06 15:38:40.624328,15,3,2102.5496556132794,0.2917951680142988,20.239127960258,Low Usage
2025-03-06 16:08:40.624328,16,3,2240.11404936735,0.2339552504901454,20.75578639893812,Low Usage
2025-03-06 16:38:40.624328,16,3,2217.994087630347,0.2643203121368275,20.035947600550056,Low Usage
2025-03-06 17:08:40.624328,17,3,2506.4682136130245,0.8170203458957028,23.359933370872568,High Usage
2025-03-06 17:38:40.624328,17,3,2345.4373536029652,0.863663100069187,20.893390120461746,High Usage
2025-03-06 18:08:40.624328,18,3,2381.4342091987037,0.6075895926136289,21.929554791331554,High Usage
2025-03-06 18:38:40.624328,18,3,2468.858970035672,0.8689231956904511,16.161594761173465,High Usage
2025-03-06 19:08:40.624328,19,3,1909.068283711001,0.8089125433344678,18.327379884426495,High Usage
2025-03-06 19:38:40.624328,19,3,2375.2334473656633,0.6068196404684607,24.14175570142287,High Usage
2025-03-06 20:08:40.624328,20,3,1942.4267291537453,0.7136696008165989,21.374411726676115,High Usage
2025-03-06 20:38:40.624328,20,3,2411.3682377623304,0.8278991083731737,20.227295704861557,High Usage
2025-03-06 21:08:40.624328,21,3,2500.1000172527492,0.23889278210079853,25.935983984637804,Low Usage
2025-03-06 21:38:40.624328,21,3,1932.8059433321964,0.3260019419835368,20.80395355848623,Low Usage
2025-03-06 22:08:40.624328,22,3,2073.033130720752,0.3702325739531403,23.977885733706582,Low Usage
2025-03-06 22:38:40.624328,22,3,1884.7212401996042,0.4566664810636723,20.25557926944343,Low Usage
2025-03-06 23:08:40.624328,23,3,1922.8406184651458,0.22044949986657544,21.861305542769344,Low Usage
2025-03-06 23:38:40.624328,23,3,2249.3401791532874,0.49658863716308244,25.044519292449994,Low Usage
2025-03-07 00:08:40.624328,0,4,1979.341606158939,0.34649653572568806,25.82363319973927,Low Usage
2025-03-07 00:38:40.624328,0,4,2097.5049609534267,0.3893966035278493,26.00282080592936,Low Usage
2025-03-07 01:08:40.624328,1,4,2215.650981905443,0.48928551430385747,28.340336917210074,Low Usage
2025-03-07 01:38:40.624328,1,4,1834.8031221388146,0.46412255147799075,26.52956652531153,Low Usage
2025-03-07 02:08:40.624328,2,4,1817.734747598973,0.3757814313465244,28.91754275111107,Low Usage
2025-03-07 02:38:40.624328,2,4,2065.9236233391953,0.3053650923015676,27.634752067177512,Low Usage
2025-03-07 03:08:40.624328,3,4,1733.0266608549464,0.3074973285254964,28.765888496607793,Low Usage
2025-03-07 03:38:40.624328,3,4,2190.0209870934164,0.4562370593163267,28.283993840547243,Low Usage
2025-03-07 04:08:40.624328,4,4,2007.4294148610954,0.36328263446365494,30.03804076739238,Low Usage
2025-03-07 04:38:40.624328,4,4,2348.5634604505776,0.2858890137698993,29.06154583515695,Low Usage
2025-03-07 05:08:40.624328,5,4,1868.91545883316,0.44999169936689093,31.348570920794355,Low Usage
2025-03-07 05:38:40.624328,5,4,2282.545972220061,0.46622088113426957,28.49203310434154,Low Usage
2025-03-07 06:08:40.624328,6,4,2700.6760087296175,0.9360487355774818,30.55922375202006,High Usage
2025-03-07 06:38:40.624328,6,4,2837.533497361129,0.8947872121597108,30.18642500693271,High Usage
2025-03-07 07:08:40.624328,7,4,2439.2996922701636,0.8645291107032315,28.481378628784043,High Usage
2025-03-07 07:38:40.624328,7,4,2718.918992505216,0.7451170382129834,29.888812593414386,High Usage
2025-03-07 08:08:40.624328,8,4,2873.536579895149,0.9786825577997051,26.87495411140475,High Usage
2025-03-07 08:38:40.624328,8,4,3090.363022788783,0.8538993796503346,29.15604848694318,High Usage
2025-03-07 09:08:40.624328,9,4,2516.86875099417,0.7641889745278256,29.12558466016739,High Usage
2025-03-07 09:38:40.624328,9,4,2432.6712586136277,0.9743002777057412,29.357094688859085,High Usage
2025-03-07 10:08:40.624328,10,4,2026.8028001936557,0.32173454586432265,29.793676534392723,Low Usage
2025-03-07 10:38:40.624328,10,4,1631.3185665778485,0.2578941627971143,27.019179161533533,Low Usage
2025-03-07 11:08:40.624328,11,4,1792.4654555501597,0.29682608188048354,27.448191757675136,Low Usage
2025-03-07 11:38:40.624328,11,4,1756.9589433857861,0.363552393102485,26.791561382723586,Low Usage
2025-03-07 12:08:40.624328,12,4,1872.7722445870331,0.44430146907429013,24.867924160676793,Low Usage
2025-03-07 12:38:40.624328,12,4,1880.7291989334271,0.4071656615603288,23.375178287166005,Low Usage
2025-03-07 13:08:40.624328,13,4,2168.515678976291,0.44865866726383397,24.02796703522738,Low Usage
2025-03-07 13:38:40.624328,13,4,1886.7581216944286,0.434529126661775,23.78386417963579,Low Usage
2025-03-07 14:08:40.624328,14,4,1848.3508502945533,0.3597751294852565,23.76836179987957,Low Usage
2025-03-07 14:38:40.624328,14,4,2037.0100246355407,0.29010181379522965,21.348870668024027,Low Usage
2025-03-07 15:08:40.624328,15,4,1950.8313027288355,0.40445869702385473,21.433043955929936,Low Usage
2025-03-07 15:38:40.624328,15,4,1879.5552774328253,0.4476829871003705,21.079876531386997,Low Usage
2025-03-07 16:08:40.624328,16,4,2177.671520036989,0.4774222858729722,19.274437901717953,Low Usage
2025-03-07 16:38:40.624328,16,4,2080.5645293625407,0.24140214922310682,22.2519251864741,Low Usage
2025-03-07 17:08:40.624328,17,4,2469.9972192726873,0.7803359339843948,21.56172375329522,High Usage
2025-03-07 17:38:40.624328,17,4,2331.0549969459603,0.7725643871010114,18.39653403023645,High Usage
2025-03-07 18:08:40.624328,18,4,2307.339066310376,0.6523799625143204,21.089516904809237,High Usage
2025-03-07 18:38:40.624328,18,4,2434.381709620899,0.603482385515853,19.2918775687482,High Usage
2025-03-07 19:08:40.624328,19,4,2417.4546293712756,0.6609356136640925,16.843525220118313,High Usage
2025-03-07 19:38:40.624328,19,4,2155.0559792083604,0.7997736901955189,21.88256310338079,High Usage
2025-03-07 20:08:40.624328,20,4,2492.103615214644,0.739397143072306,21.29976560191051,High Usage
2025-03-07 20:38:40.624328,20,4,2332.6303268929437,0.8407838390096586,19.22084539505974,High Usage
2025-03-07 21:08:40.624328,21,4,1754.080175028027,0.2452764932317989,21.28546302396209,Low Usage
2025-03-07 21:38:40.624328,21,4,2192.397021115964,0.399397093391742,23.44888145713738,Low Usage
2025-03-07 22:08:40.624328,22,4,1915.9552838608586,0.2757343127716514,21.61690116758265,Low Usage
2025-03-07 22:38:40.624328,22,4,1797.620484536399,0.28364854954851265,22.693744915922398,Low Usage
2025-03-07 23:08:40.624328,23,4,2126.106633835125,0.49461375088177223,21.441008338200273,Low Usage
2025-03-07 23:38:40.624328,23,4,1889.0137514684689,0.2843401178280589,25.081185134383674,Low Usage
2025-03-08 00:08:40.624328,0,5,2060.1072897334716,0.28544475049790236,26.47820273979714,Low Usage
2025-03-08 00:38:40.624328,0,5,2172.3110984293007,0.18855610218359517,25.76960557605881,Low Usage
2025-03-08 01:08:40.624328,1,5,2002.1611387500295,0.24799525806798176,25.422947589721833,Low Usage
2025-03-08 01:38:40.624328,1,5,1925.3689460594733,0.2807657128562119,26.561239360752403,Low Usage
2025-03-08 02:08:40.624328,2,5,1919.681309692607,0.30239351726174224,27.721400211646337,Low Usage
2025-03-08 02:38:40.624328,2,5,2186.3730459798094,0.15483624918630334,27.816633642688956,Low Usage
2025-03-08 03:08:40.624328,3,5,1862.694164888741,0.14763422119916347,30.166174913832304,Low Usage
2025-03-08 03:38:40.624328,3,5,2032.125014210953,0.1828458196430866,24.4336909316173,Low Usage
2025-03-08 04:08:40.624328,4,5,1936.3356874904864,0.19358356900123141,29.083360902788172,Low Usage
2025-03-08 04:38:40.624328,4,5,1826.802583436711,0.17146154423565396,30.228837019002352,Low Usage
2025-03-08 05:08:40.624328,5,5,1827.8883077492126,0.30393222436620665,33.218869846213806,Low Usage
2025-03-08 05:38:40.624328,5,5,1515.1942000909771,0.15432277229724692,30.14300329448382,Low Usage
2025-03-08 06:08:40.624328,6,5,2545.3892705177755,0.634243682871719,30.553722636326846,High Usage
2025-03-08 06:38:40.624328,6,5,2501.347860579797,0.5538652936766704,31.1159452008678,Low Usage
2025-03-08 07:08:40.624328,7,5,2655.696705901541,0.6136074449018585,30.06145507234542,High Usage
2025-03-08 07:38:40.624328,7,5,2678.3569996162955,0.6679303112039915,30.05602487023817,High Usage
2025-03-08 08:08:40.624328,8,5,2602.6693280614577,0.5837706140450932,29.692857756712243,Low Usage
2025-03-08 08:38:40.624328,8,5,2945.9483344168502,0.6281500260731717,29.528946447120013,High Usage
2025-03-08 09:08:40.624328,9,5,2278.943653339783,0.5901019356465451,28.15144388254238,Low Usage
2025-03-08 09:38:40.624328,9,5,2979.637908465751,0.5346438185101627,27.39957651462841,Low Usage
2025-03-08 10:08:40.624328,10,5,2497.38018188436,0.2281153700215025,27.73558368293617,Low Usage
2025-03-08 10:38:40.624328,10,5,1508.2234244578135,0.23766223450259624,26.002429567820123,Low Usage
2025-03-08 11:08:40.624328,11,5,2061.6667327460527,0.21631310572609036,29.855474033896805,Low Usage
2025-03-08 11:38:40.624328,11,5,2094.766757124603,0.19051178688410841,27.307039921608176,Low Usage
2025-03-08 12:08:40.624328,12,5,1983.025531421894,0.34201841738407784,22.537175703227707,Low Usage
2025-03-08 12:38:40.624328,12,5,1985.6866807233491,0.24487448796693634,27.282142358251814,Low Usage
2025-03-08 13:08:40.624328,13,5,2175.451367126144,0.29713234712431136,21.48945241049969,Low Usage
2025-03-08 13:38:40.624328,13,5,1838.5703469409236,0.30869829268798527,25.006150680144984,Low Usage
2025-03-08 14:08:40.624328,14,5,1915.2889420762272,0.23754840720731818,19.890080567228974,Low Usage
2025-03-08 14:38:40.624328,14,5,2226.63626994746,0.2748745962999095,20.554782778438593,Low Usage
2025-03-08 15:08:40.624328,15,5,2037.4084300232314,0.20805193613569856,20.25855276560484,Low Usage
2025-03-08 15:38:40.624328,15,5,2335.39847758107,0.2568489190479231,23.807648225623243,Low Usage
2025-03-08 16:08:40.624328,16,5,1812.8562431604678,0.17667941097903045,19.495850657151884,Low Usage
2025-03-08 16:38:40.624328,16,5,1957.5768468327578,0.22596355458597778,18.33954646034734,Low Usage
2025-03-08 17:08:40.624328,17,5,2332.231847754427,0.5390016374572258,15.05752206861758,Low Usage
2025-03-08 17:38:40.624328,17,5,2455.1453307381257,0.4731039812718584,21.536939769274554,Low Usage
2025-03-08 18:08:40.624328,18,5,2688.3831076818956,0.5264334860501234,19.46710589685706,Low Usage
2025-03-08 18:38:40.624328,18,5,2289.410111220713,0.5072599857616821,19.257972096978108,Low Usage
2025-03-08 19:08:40.624328,19,5,2570.568477801989,0.6071468189863992,20.939058949777404,High Usage
2025-03-08 19:38:40.624328,19,5,2491.8640025586747,0.4238239972474748,18.883197420840666,Low Usage
2025-03-08 20:08:40.624328,20,5,1708.5307245467222,0.6115727271386774,19.581763251612877,High Usage
2025-03-08 20:38:40.624328,20,5,2451.312007251501,0.4920989740946046,26.034007037992055,Low Usage
2025-03-08 21:08:40.624328,21,5,2162.094163662218,0.25975313207136513,20.68531627822204,Low Usage
2025-03-08 21:38:40.624328,21,5,1481.5837214990752,0.279385129802713,20.127310683587766,Low Usage
2025-03-08 22:08:40.624328,22,5,1930.7025313376569,0.30136694853893675,25.31731806852383,Low Usage
2025-03-08 22:38:40.624328,22,5,1951.256756875936,0.19749357213866575,20.448076668297713,Low Usage
2025-03-08 23:08:40.624328,23,5,1902.797525898652,0.26725758636089825,23.182194539470085,Low Usage
2025-03-08 23:38:40.624328,23,5,2019.4368394441808,0.20940091578562658,23.89155179430602,Low Usage
2025-03-09 00:08:40.624328,0,6,2236.054729145259,0.17016368153289624,26.048670681190934,Low Usage
2025-03-09 00:38:40.624328,0,6,1819.8431967574477,0.2787648967625271,24.853998204696175,Low Usage
2025-03-09 01:08:40.624328,1,6,2113.1326126667886,0.29862893748325986,27.214958518689315,Low Usage
2025-03-09 01:38:40.624328,1,6,1932.7428648563296,0.3259253959202693,23.647813147698464,Low Usage
2025-03-09 02:08:40.624328,2,6,2126.5614695715494,0.26045633163390386,31.256045723087993,Low Usage
2025-03-09 02:38:40.624328,2,6,2027.800390503087,0.2904772281831834,29.078450274250866,Low Usage
2025-03-09 03:08:40.624328,3,6,1979.4639504765537,0.33788087499636776,28.859602474071615,Low Usage
2025-03-09 03:38:40.624328,3,6,2128.897780952834,0.27865004149200623,31.068584262893204,Low Usage
2025-03-09 04:08:40.624328,4,6,2059.639570684397,0.17913928150850733,30.10874015703131,Low Usage
2025-03-09 04:38:40.624328,4,6,2268.557856750838,0.24647441180902233,31.880789834383947,Low Usage
2025-03-09 05:08:40.624328,5,6,1915.8333667830454,0.162161740681779,32.238240472830554,Low Usage
2025-03-09 05:38:40.624328,5,6,2059.695219343201,0.27585957896700963,30.702996043575137,Low Usage
2025-03-09 06:08:40.624328,6,6,1917.9133295010986,0.531838959370538,28.53447621522651,Low Usage
2025-03-09 06:38:40.624328,6,6,2347.0499192553298,0.5758800262098156,27.44480828382362,Low Usage
2025-03-09 07:08:40.624328,7,6,2199.352313273122,0.6689419856651052,32.12727590300475,High Usage
2025-03-09 07:38:40.624328,7,6,2780.1005087086032,0.6051015686680502,30.783628054929522,High Usage
2025-03-09 08:08:40.624328,8,6,2343.0804223716686,0.5656934885168754,30.18740090809428,Low Usage
2025-03-09 08:38:40.624328,8,6,2792.4938417008575,0.5095928997576462,26.734269878050412,Low Usage
2025-03-09 09:08:40.624328,9,6,2460.560772928335,0.5499337199576306,34.02510204965598,Low Usage
2025-03-09 09:38:40.624328,9,6,2529.7375915632124,0.5240750508384673,24.312951852305385,Low Usage
2025-03-09 10:08:40.624328,10,6,2083.717172544325,0.3184449186938866,26.90788343097559,Low Usage
2025-03-09 10:38:40.624328,10,6,1898.3095097279804,0.21717765373283981,29.458591181513576,Low Usage
2025-03-09 11:08:40.624328,11,6,2013.5555576456695,0.16682704812603866,24.848264235391863,Low Usage
2025-03-09 11:38:40.624328,11,6,1970.3001374756548,0.2840646164699092,28.507192941484778,Low Usage
2025-03-09 12:08:40.624328,12,6,2129.1341819998356,0.2493369699457816,24.565524579690408,Low Usage
2025-03-09 12:38:40.624328,12,6,2089.0747742016506,0.22942879896299714,24.724361495086534,Low Usage
2025-03-09 13:08:40.624328,13,6,1807.6461741638286,0.22200763504965207,23.275283094339954,Low Usage
2025-03-09 13:38:40.624328,13,6,2002.3461261834152,0.24914174661000935,23.392011233824878,Low Usage
2025-03-09 14:08:40.624328,14,6,2059.2562161305605,0.1892439797234252,22.707346055637483,Low Usage
2025-03-09 14:38:40.624328,14,6,2319.128408066713,0.2800244764302149,23.360511545656603,Low Usage
2025-03-09 15:08:40.624328,15,6,1525.526317471324,0.2244405861920664,22.479765727730616,Low Usage
2025-03-09 15:38:40.624328,15,6,1955.3617398594754,0.14245252837578226,22.41659168101932,Low Usage
2025-03-09 16:08:40.624328,16,6,2246.044896619403,0.1550901555309282,18.670434837094355,Low Usage
2025-03-09 16:38:40.624328,16,6,2156.5360754936164,0.2979267523881779,19.467757998868656,Low Usage
2025-03-09 17:08:40.624328,17,6,2340.750487683938,0.47447239448151507,22.44166153149219,Low Usage
2025-03-09 17:38:40.624328,17,6,2847.0824770229588,0.45697487191278585,22.999829456301107,Low Usage
2025-03-09 18:08:40.624328,18,6,1750.0452631175835,0.5917188937343905,21.887400557862367,Low Usage
2025-03-09 18:38:40.624328,18,6,2490.6415048489066,0.5820196184287324,22.420322595825837,Low Usage
2025-03-09 19:08:40.624328,19,6,2018.1554264228478,0.5302536189587883,21.6487036748949,Low Usage
2025-03-09 19:38:40.624328,19,6,1924.463644521832,0.5398479349942928,20.746554204501198,Low Usage
2025-03-09 20:08:40.624328,20,6,2738.2280878785236,0.5070938966553656,20.815460792082344,Low Usage
2025-03-09 20:38:40.624328,20,6,2319.910510033451,0.4479926757200342,20.968467659227745,Low Usage
2025-03-09 21:08:40.624328,21,6,2075.3892033966367,0.1683906118966293,18.523094337562572,Low Usage
2025-03-09 21:38:40.624328,21,6,1790.596766279274,0.2782409255048138,23.400675600913203,Low Usage
2025-03-09 22:08:40.624328,22,6,2001.210011989322,0.3427268042233845,23.0991654584817,Low Usage
2025-03-09 22:38:40.624328,22,6,2069.0979388321657,0.14773887939617072,23.08888489424883,Low Usage
2025-03-09 23:08:40.624328,23,6,1847.3427800666766,0.313653829611042,21.742493002580105,Low Usage
2025-03-09 23:38:40.624328,23,6,2099.709052708378,0.21879527303688004,21.805694952195662,Low Usage
2025-03-10 00:08:40.624328,0,0,1803.359537537971,0.4169247256299101,21.919040055176392,Low Usage
2025-03-10 00:38:40.624328,0,0,2074.5210495979495,0.2409317315325287,21.81924413326236,Low Usage
2025-03-10 01:08:40.624328,1,0,2018.8544298043485,0.3330729185835635,29.747413836801826,Low Usage
2025-03-10 01:38:40.624328,1,0,1949.362102813682,0.3052333726379357,23.096908918686502,Low Usage
2025-03-10 02:08:40.624328,2,0,2143.7577933216357,0.4687871092784657,25.960628814072702,Low Usage
2025-03-10 02:38:40.624328,2,0,2235.6790230747883,0.339619602046889,25.504078841537996,Low Usage
2025-03-10 03:08:40.624328,3,0,1912.3654883652066,0.36104471391430093,29.317234379321434,Low Usage
2025-03-10 03:38:40.624328,3,0,2092.242297614668,0.3481313707593939,28.651235365036374,Low Usage
2025-03-10 04:08:40.624328,4,0,1903.2875480607083,0.20990960234007722,28.1739866282497,Low Usage
2025-03-10 04:38:40.624328,4,0,2300.6864337318675,0.3913715297912846,26.92296585888794,Low Usage
2025-03-10 05:08:40.624328,5,0,1877.7111198850776,0.3992814174080071,28.303359759299248,Low Usage
2025-03-10 05:38:40.624328,5,0,1944.8935795438833,0.4564032466696818,30.011362135149323,Low Usage
2025-03-10 06:08:40.624328,6,0,2729.50244458123,0.932945013420883,30.17109291235713,High Usage
2025-03-10 06:38:40.624328,6,0,2126.598830216364,0.7381902308724465,33.90577553249098,High Usage
2025-03-10 07:08:40.624328,7,0,2415.7590270814203,0.9089049171036249,26.33126779892569,High Usage
2025-03-10 07:38:40.624328,7,0,2255.6250100720304,0.9790076417741126,27.070106690059614,High Usage
2025-03-10 08:08:40.624328,8,0,2672.860896434755,0.8984493205118848,31.225733858430154,High Usage
2025-03-10 08:38:40.624328,8,0,2291.0302369678857,0.8151308907842236,28.601926104004267,High Usage
2025-03-10 09:08:40.624328,9,0,2610.412196754153,0.7590982108831671,27.615534062135133,High Usage
2025-03-10 09:38:40.624328,9,0,2727.5244050286205,0.8875395351222074,28.981315736574587,High Usage
2025-03-10 10:08:40.624328,10,0,1956.9878437186997,0.45493232159079955,27.598865559174193,Low Usage
2025-03-10 10:38:40.624328,10,0,1929.483024695985,0.4417233976691032,28.818081597664108,Low Usage
2025-03-10 11:08:40.624328,11,0,2048.5980854240192,0.4306755903055379,24.549205158203833,Low Usage
2025-03-10 11:38:40.624328,11,0,2059.150503390355,0.4508401955967452,22.371352722474693,Low Usage
2025-03-10 12:08:40.624328,12,0,1643.978794142171,0.4597349637428242,26.01683611968386,Low Usage
2025-03-10 12:38:40.624328,12,0,2036.7113045893404,0.44736658446314603,24.35191848042126,Low Usage
2025-03-10 13:08:40.624328,13,0,1997.6778275133122,0.2465612391220668,21.061815185577064,Low Usage
2025-03-10 13:38:40.624328,13,0,2162.5699530194534,0.48748783412706753,21.701616699932707,Low Usage
2025-03-10 14:08:40.624328,14,0,1857.0454920032962,0.25338496701480645,23.15001253254565,Low Usage
2025-03-10 14:38:40.624328,14,0,1956.6361865071192,0.34862452407773226,23.59117723166351,Low Usage
2025-03-10 15:08:40.624328,15,0,1784.9550885686185,0.4473293554904383,21.54641025316761,Low Usage
2025-03-10 15:38:40.624328,15,0,1714.4585391560713,0.4265775147753845,23.0635160163926,Low Usage
2025-03-10 16:08:40.624328,16,0,2456.3687721449946,0.47655003224826026,22.468845975928524,Low Usage
2025-03-10 16:38:40.624328,16,0,2254.751008612562,0.4711515500931111,22.07764900128855,Low Usage
2025-03-10 17:08:40.624328,17,0,2370.1657659849425,0.6863110833503665,20.966635366573914,High Usage
2025-03-10 17:38:40.624328,17,0,2516.5595020995684,0.6960771085428984,23.604295830888923,High Usage
2025-03-10 18:08:40.624328,18,0,2447.0762323720382,0.6411807474949522,19.623668638114328,High Usage
2025-03-10 18:38:40.624328,18,0,2365.421339117436,0.773770634316889,17.888035606216906,High Usage
2025-03-10 19:08:40.624328,19,0,2210.9218595193265,0.8449808497145124,18.24604822042761,High Usage
2025-03-10 19:38:40.624328,19,0,2154.7369546118757,0.8700184385907106,21.679900681300165,High Usage
2025-03-10 20:08:40.624328,20,0,2566.9963705698187,0.8520564697588954,21.76294782681941,High Usage
2025-03-10 20:38:40.624328,20,0,1970.0317572685644,0.7769426122630687,22.840247564291925,High Usage
2025-03-10 21:08:40.624328,21,0,2117.4636840994153,0.3656726387598649,21.432660519750975,Low Usage
2025-03-10 21:38:40.624328,21,0,2032.5809089800357,0.44175963924582534,22.471364259456443,Low Usage
2025-03-10 22:08:40.624328,22,0,2130.897446461854,0.2891597803813859,23.867510318294617,Low Usage
2025-03-10 22:38:40.624328,22,0,1955.8547428422462,0.49150236511967826,22.950781177184368,Low Usage
2025-03-10 23:08:40.624328,23,0,1906.1631432308254,0.20368616579485782,23.641698157574652,Low Usage
2025-03-10 23:38:40.624328,23,0,2302.170615719355,0.36934019791174916,21.9680419923073,Low Usage
2025-03-11 00:08:40.624328,0,1,2022.5929329005326,0.23888291333340583,21.574053990400117,Low Usage
2025-03-11 00:38:40.624328,0,1,1998.2488498033267,0.4790584038299626,29.283787181255363,Low Usage
2025-03-11 01:08:40.624328,1,1,2320.490734000226,0.2580467448218015,26.226495461362088,Low Usage
2025-03-11 01:38:40.624328,1,1,2165.299396140522,0.3057144735551602,27.91718300494919,Low Usage
2025-03-11 02:08:40.624328,2,1,1935.0698221448304,0.42728460003613394,27.680448709043958,Low Usage
2025-03-11 02:38:40.624328,2,1,1964.9706656376738,0.20281332484984435,26.48362701166572,Low Usage
2025-03-11 03:08:40.624328,3,1,1764.1992427070215,0.28212761139221165,29.033216514483858,Low Usage
2025-03-11 03:38:40.624328,3,1,1749.046813555403,0.4009391105034825,29.300705508984308,Low Usage
2025-03-11 04:08:40.624328,4,1,1792.0550445352437,0.23393750936184896,33.6927189687915,Low Usage
2025-03-11 04:38:40.624328,4,1,2108.9475321127047,0.3917326590557568,29.577781411309996,Low Usage
2025-03-11 05:08:40.624328,5,1,2298.36724286669,0.23378958306203956,27.903375471793694,Low Usage
2025-03-11 05:38:40.624328,5,1,2105.510024773786,0.41111148011323134,33.22789829841639,Low Usage
2025-03-11 06:08:40.624328,6,1,2385.2803650703318,0.9159149578213175,30.07025079560618,High Usage
2025-03-11 06:38:40.624328,6,1,2155.941285731312,0.9984169572815977,30.256504801066193,High Usage
2025-03-11 07:08:40.624328,7,1,3176.57663713053,0.9693387843344486,30.60072244031617,High Usage
2025-03-11 07:38:40.624328,7,1,3037.211481036758,0.8691945368755921,28.3421713090178,High Usage
2025-03-11 08:08:40.624328,8,1,2394.72898394858,0.9504766434152175,26.968775253946184,High Usage
2025-03-11 08:38:40.624328,8,1,1981.564578099704,0.918758417118728,28.239522953790182,High Usage
2025-03-11 09:08:40.624328,9,1,2122.6749069284992,0.7652254311305193,31.612645249031356,High Usage
2025-03-11 09:38:40.624328,9,1,2582.465595233609,0.9689430427490007,30.51432669317147,High Usage
2025-03-11 10:08:40.624328,10,1,2280.6357071529883,0.47410349662648055,26.978102539778416,Low Usage
2025-03-11 10:38:40.624328,10,1,2218.7499525405906,0.30250071634038445,29.714931363357852,Low Usage
2025-03-11 11:08:40.624328,11,1,2357.474518915838,0.48915946164808216,26.64938483176294,Low Usage
2025-03-11 11:38:40.624328,11,1,1787.4390771662684,0.33264655090199113,24.693426724410322,Low Usage
2025-03-11 12:08:40.624328,12,1,1672.3075611624085,0.3844918290109124,26.454724333529565,Low Usage
2025-03-11 12:38:40.624328,12,1,1731.9713293249044,0.4878749965991704,25.09852727615326,Low Usage
2025-03-11 13:08:40.624328,13,1,2100.215011156152,0.4432827295759505,21.59431183743774,Low Usage
2025-03-11 13:38:40.624328,13,1,2171.223047889329,0.39592569877217765,21.31730985039999,Low Usage
2025-03-11 14:08:40.624328,14,1,1651.8037077862577,0.48173101182698747,23.73234769337304,Low Usage
2025-03-11 14:38:40.624328,14,1,2012.7245087686845,0.3640651602628958,22.792636978540724,Low Usage
2025-03-11 15:08:40.624328,15,1,1936.682263704061,0.3877592612119318,20.402474337803767,Low Usage
2025-03-11 15:38:40.624328,15,1,1726.2089753072903,0.40807282910181353,19.348552885335558,Low Usage
2025-03-11 16:08:40.624328,16,1,1837.8098452619001,0.3777555024257411,22.967846120664255,Low Usage
2025-03-11 16:38:40.624328,16,1,2345.7214210209067,0.28004006355323885,22.124257367617883,Low Usage
2025-03-11 17:08:40.624328,17,1,2411.150057379079,0.6413841062703364,22.004313913610726,High Usage
2025-03-11 17:38:40.624328,17,1,2487.986514755663,0.7803945644411531,21.100783620997763,High Usage
2025-03-11 18:08:40.624328,18,1,2423.2832503635213,0.8480145048396772,18.8448696932211,High Usage
2025-03-11 18:38:40.624328,18,1,2211.8818719869582,0.7896456253463888,18.791292018609184,High Usage
2025-03-11 19:08:40.624328,19,1,2534.829083049573,0.6586552246969115,20.919888373278038,High Usage
2025-03-11 19:38:40.624328,19,1,2546.8000015395596,0.6475474257098182,20.91896957587833,High Usage
2025-03-11 20:08:40.624328,20,1,2297.5296097474534,0.6860363990261974,16.20137258740462,High Usage
2025-03-11 20:38:40.624328,20,1,2285.9594271883025,0.7817394409989853,23.941309963880048,High Usage
2025-03-11 21:08:40.624328,21,1,2066.5024444774704,0.2585473516527802,23.772597051695932,Low Usage
2025-03-11 21:38:40.624328,21,1,2037.6851410387885,0.4913029978368522,23.76538932232439,Low Usage
2025-03-11 22:08:40.624328,22,1,1922.3767870062889,0.2802871800923965,23.26762112262567,Low Usage
2025-03-11 22:38:40.624328,22,1,2111.046876513172,0.2673939167636557,20.35646108433662,Low Usage
2025-03-11 23:08:40.624328,23,1,1980.9819469143465,0.3547470785575423,26.139387520684984,Low Usage
2025-03-11 23:38:40.624328,23,1,2049.454161490482,0.2949121602444856,26.647878336721437,Low Usage
2025-03-12 00:08:40.624328,0,2,2004.2349263996118,0.3220586760838643,25.126212554085626,Low Usage
2025-03-12 00:38:40.624328,0,2,2218.2852176801593,0.42912759650465215,24.046661124749424,Low Usage
2025-03-12 01:08:40.624328,1,2,1978.9737849282171,0.28190099232734306,30.027418625960866,Low Usage
2025-03-12 01:38:40.624328,1,2,2062.6632895999483,0.2451780709511641,25.73112208437023,Low Usage
2025-03-12 02:08:40.624328,2,2,2045.3149609920722,0.24409713673027952,30.15256022113884,Low Usage
2025-03-12 02:38:40.624328,2,2,2093.3432634968813,0.3285069228048184,30.72495303284417,Low Usage
2025-03-12 03:08:40.624328,3,2,2053.6436604569913,0.2739128535667742,27.33758724349157,Low Usage
2025-03-12 03:38:40.624328,3,2,2185.2478270453453,0.29947555175448703,27.889502316182558,Low Usage
2025-03-12 04:08:40.624328,4,2,1927.98574142998,0.3728889615315324,30.44098285429747,Low Usage
2025-03-12 04:38:40.624328,4,2,2198.8515355444865,0.45606122700123447,33.68877221268309,Low Usage
2025-03-12 05:08:40.624328,5,2,2056.9357620990113,0.48157653440417736,32.5312374616394,Low Usage
2025-03-12 05:38:40.624328,5,2,1786.608829621653,0.2691514874420162,31.113413923968167,Low Usage
2025-03-12 06:08:40.624328,6,2,2493.5945373729287,0.9092212678279801,26.84010589253386,High Usage
2025-03-12 06:38:40.624328,6,2,2294.9942352657413,0.968622311201112,32.6923339295912,High Usage
2025-03-12 07:08:40.624328,7,2,3078.595526514709,0.8229531998586964,29.511112159072756,High Usage
2025-03-12 07:38:40.624328,7,2,3001.6544077544504,0.850355549678281,29.86556778425652,High Usage
2025-03-12 08:08:40.624328,8,2,2822.4143953275147,0.8016780629766405,35.863586197336105,High Usage
2025-03-12 08:38:40.624328,8,2,2305.377045893282,0.9982275614022035,28.666417645577273,High Usage
2025-03-12 09:08:40.624328,9,2,2755.326071325082,0.8699378906233861,28.373653148566106,High Usage
2025-03-12 09:38:40.624328,9,2,2020.4615132773497,0.977336412698282,26.287327670210964,High Usage
2025-03-12 10:08:40.624328,10,2,2075.265891953029,0.2717638537427399,29.57770644494159,Low Usage
2025-03-12 10:38:40.624328,10,2,1934.5072463697422,0.33375930267145215,27.536544599619212,Low Usage
2025-03-12 11:08:40.624328,11,2,2156.392554944353,0.21441343953416267,28.35714247255304,Low Usage
2025-03-12 11:38:40.624328,11,2,2167.5420137187207,0.43318224635986935,27.36098017248948,Low Usage
2025-03-12 12:08:40.624328,12,2,1894.5392813246815,0.33919502319440525,27.417048730731082,Low Usage
2025-03-12 12:38:40.624328,12,2,2091.239857331389,0.28089999252041886,25.571554737880206,Low Usage
2025-03-12 13:08:40.624328,13,2,1826.3029556365543,0.3500100694089721,24.217868001779237,Low Usage
2025-03-12 13:38:40.624328,13,2,1898.84640562442,0.24183708837365428,24.55178566919449,Low Usage
2025-03-12 14:08:40.624328,14,2,2063.3474732956247,0.4119811226986464,19.868026424232557,Low Usage
2025-03-12 14:38:40.624328,14,2,2057.056608356308,0.23223334853810626,22.730693292719632,Low Usage
2025-03-12 15:08:40.624328,15,2,2229.6814850130336,0.3606857220745642,25.085585485286867,Low Usage
2025-03-12 15:38:40.624328,15,2,2181.8904794461205,0.23000997959047434,20.27334693205594,Low Usage
2025-03-12 16:08:40.624328,16,2,2010.4348058848032,0.38487895087914464,19.853779140188724,Low Usage
2025-03-12 16:38:40.624328,16,2,1881.6766023845337,0.23448977610892335,25.04377178242864,Low Usage
2025-03-12 17:08:40.624328,17,2,2279.6641107749074,0.7491204981689118,22.843260087884087,High Usage
2025-03-12 17:38:40.624328,17,2,2556.4394630215593,0.7279093996004822,18.461773485818345,High Usage
2025-03-12 18:08:40.624328,18,2,2594.8173894903657,0.8053351821010839,19.291186877502604,High Usage
2025-03-12 18:38:40.624328,18,2,2203.681974525627,0.7572324961611048,20.825458489024978,High Usage
2025-03-12 19:08:40.624328,19,2,2498.5928337901178,0.6395091230921942,17.251569239438467,High Usage
2025-03-12 19:38:40.624328,19,2,2258.309581740083,0.7458789221958958,19.48757508733272,High Usage
2025-03-12 20:08:40.624328,20,2,2338.974175863476,0.6955926375323801,20.164479290157907,High Usage
2025-03-12 20:38:40.624328,20,2,2248.887813039917,0.7304779394208993,19.185845389915137,High Usage
2025-03-12 21:08:40.624328,21,2,2257.0023022688256,0.21202639100459647,18.363615492976216,Low Usage
2025-03-12 21:38:40.624328,21,2,2335.061885483944,0.43931666650545703,22.42314928387136,Low Usage
2025-03-12 22:08:40.624328,22,2,2223.242034583894,0.2891101085456086,23.584295174870494,Low Usage
2025-03-12 22:38:40.624328,22,2,2077.6310701573775,0.35291429971141913,24.539347966622174,Low Usage
2025-03-12 23:08:40.624328,23,2,2321.045898502865,0.22573428715491184,24.331860155912803,Low Usage
2025-03-12 23:38:40.624328,23,2,2179.4213793996864,0.385264143094468,22.223265766228696,Low Usage
2025-03-13 00:08:40.624328,0,3,1974.7154028106988,0.4096440101029527,22.4749890722611,Low Usage
2025-03-13 00:38:40.624328,0,3,2123.657732861026,0.2241196050292663,28.50036210762496,Low Usage
2025-03-13 01:08:40.624328,1,3,1873.796909181231,0.2282112921260664,25.16287577448385,Low Usage
2025-03-13 01:38:40.624328,1,3,2053.1135160686454,0.3170046850963472,28.929190535418098,Low Usage
2025-03-13 02:08:40.624328,2,3,2340.123872392575,0.2709402000838425,24.878371124052414,Low Usage
2025-03-13 02:38:40.624328,2,3,1835.8748029943188,0.2816642970625792,28.894474356904105,Low Usage
2025-03-13 03:08:40.624328,3,3,1987.6696960573815,0.31669981014032456,30.46513423630627,Low Usage
2025-03-13 03:38:40.624328,3,3,1852.7704071395,0.4784605239769279,29.775536070026497,Low Usage
2025-03-13 04:08:40.624328,4,3,1771.3061470947903,0.30302849516251795,32.124416522970655,Low Usage
2025-03-13 04:38:40.624328,4,3,1695.0531321635808,0.398365406027533,31.968354740381393,Low Usage
2025-03-13 05:08:40.624328,5,3,2078.9041870673937,0.23189857982559398,30.177903085057594,Low Usage
2025-03-13 05:38:40.624328,5,3,2104.0806107307494,0.20356682724988892,34.185441243464766,Low Usage
2025-03-13 06:08:40.624328,6,3,2540.1950578178166,0.8201633971482648,28.133795091875694,High Usage
2025-03-13 06:38:40.624328,6,3,3019.6489449296278,0.7045392307866776,28.082456642875616,High Usage
2025-03-13 07:08:40.624328,7,3,3037.3713997309624,0.7987787172891707,31.84120756522849,High Usage
2025-03-13 07:38:40.624328,7,3,2712.32712356875,0.733295484881099,28.687638731836984,High Usage
2025-03-13 08:08:40.624328,8,3,2356.479812492692,0.934312986773757,28.37449354702325,High Usage
2025-03-13 08:38:40.624328,8,3,3298.795036883111,0.9817433458612942,29.435985377872917,High Usage
2025-03-13 09:08:40.624328,9,3,2677.802616436714,0.9006486967840679,29.19595661022638,High Usage
2025-03-13 09:38:40.624328,9,3,2621.836536233507,0.9999324693472424,27.497485277878408,High Usage
2025-03-13 10:08:40.624328,10,3,1755.1084229108994,0.4211221197925598,28.49404659066469,Low Usage
2025-03-13 10:38:40.624328,10,3,1901.838845473401,0.25950263452743527,26.01063420694442,Low Usage
2025-03-13 11:08:40.624328,11,3,1602.8192635909725,0.4846857360015789,27.307834924994285,Low Usage
2025-03-13 11:38:40.624328,11,3,2050.4310206203513,0.2670535335099764,25.67211608555268,Low Usage
2025-03-13 12:08:40.624328,12,3,1960.4257477584201,0.39630197285997865,23.215772584506713,Low Usage
2025-03-13 12:38:40.624328,12,3,1951.7575610420338,0.33759847697533685,27.116109830279342,Low Usage
2025-03-13 13:08:40.624328,13,3,2004.5400174642805,0.21788609572118786,23.22206682659768,Low Usage
2025-03-13 13:38:40.624328,13,3,2131.7992072037896,0.3215565776155026,25.133157111515995,Low Usage
2025-03-13 14:08:40.624328,14,3,2136.587496513898,0.3272102494408194,19.178719647088545,Low Usage
2025-03-13 14:38:40.624328,14,3,2050.7893331914147,0.23244634831434777,21.90602012360888,Low Usage
2025-03-13 15:08:40.624328,15,3,2116.1542134175556,0.3468001104399495,23.354846850275667,Low Usage
2025-03-13 15:38:40.624328,15,3,2045.2239056523592,0.23403665661219464,22.48946213591385,Low Usage
2025-03-13 16:08:40.624328,16,3,1982.3271429735828,0.482666816411086,19.62355899773453,Low Usage
2025-03-13 16:38:40.624328,16,3,2017.5324306717405,0.44398677781076157,20.11258426047528,Low Usage
2025-03-13 17:08:40.624328,17,3,1800.8114840873088,0.8118873985078352,22.195603078996594,High Usage
2025-03-13 17:38:40.624328,17,3,2719.8266142384505,0.7322951689002484,21.446650727028274,High Usage
2025-03-13 18:08:40.624328,18,3,1972.7113879758263,0.7057120272458448,22.126065036188557,High Usage
2025-03-13 18:38:40.624328,18,3,2609.6840100370814,0.6796338564110728,19.092552472409437,High Usage
2025-03-13 19:08:40.624328,19,3,2131.875517491006,0.7873146672816469,21.16382809032849,High Usage
2025-03-13 19:38:40.624328,19,3,2580.134649860082,0.8672028971448753,20.21930385399472,High Usage
2025-03-13 20:08:40.624328,20,3,2439.1814521715955,0.6658072260986104,23.943554353673164,High Usage
2025-03-13 20:38:40.624328,20,3,2687.636846528977,0.7734608183302032,17.19530744774576,High Usage
2025-03-13 21:08:40.624328,21,3,2072.811070598627,0.28874428471656977,20.670115294198016,Low Usage
2025-03-13 21:38:40.624328,21,3,2222.2937627979636,0.4297465362223091,24.676770991644332,Low Usage
2025-03-13 22:08:40.624328,22,3,2068.6907629388224,0.41560101228706825,22.3061943408155,Low Usage
2025-03-13 22:38:40.624328,22,3,1814.7004537994615,0.4827744567896348,22.408951034907428,Low Usage
2025-03-13 23:08:40.624328,23,3,1853.4978504692167,0.2112726722321618,22.63443562166238,Low Usage
2025-03-13 23:38:40.624328,23,3,1995.5445595079984,0.2540848399443939,25.140066409795583,Low Usage
2025-03-14 00:08:40.624328,0,4,1977.6935678685059,0.29665733592891586,23.102115084146416,Low Usage
2025-03-14 00:38:40.624328,0,4,2219.404341035791,0.3036725173393785,28.376870857726523,Low Usage
2025-03-14 01:08:40.624328,1,4,2118.348078685175,0.3318608813314353,23.968814089398947,Low Usage
2025-03-14 01:38:40.624328,1,4,2046.07561870617,0.21041115819105585,26.228363063089418,Low Usage
2025-03-14 02:08:40.624328,2,4,2330.8130816668813,0.29355835847528594,30.681268556134793,Low Usage
2025-03-14 02:38:40.624328,2,4,1929.894541800757,0.38852497934254987,28.90722259917966,Low Usage
2025-03-14 03:08:40.624328,3,4,2024.4268461702093,0.3212112937101801,24.767990621490178,Low Usage
2025-03-14 03:38:40.624328,3,4,1921.1069543641847,0.3795031351726418,28.910786756026358,Low Usage
2025-03-14 04:08:40.624328,4,4,1953.9800304152184,0.2758829865922848,29.420169918732675,Low Usage
2025-03-14 04:38:40.624328,4,4,2090.9375298770537,0.456550163414727,29.388345067398454,Low Usage
2025-03-14 05:08:40.624328,5,4,2076.701469206639,0.3048517546490249,29.053392575244292,Low Usage
2025-03-14 05:38:40.624328,5,4,1793.1486076336182,0.41389306409938076,31.494574352315944,Low Usage
2025-03-14 06:08:40.624328,6,4,2321.8311296229376,0.7381234670904531,29.513893268571287,High Usage
2025-03-14 06:38:40.624328,6,4,2399.278935228331,0.7624901654516933,28.524369069212398,High Usage
2025-03-14 07:08:40.624328,7,4,2607.1028974420387,0.8454023821098277,28.933609919694703,High Usage
2025-03-14 07:38:40.624328,7,4,2820.7976204426564,0.8165388726862066,28.428121116987707,High Usage
2025-03-14 08:08:40.624328,8,4,2843.826670644356,0.9293873150398242,32.05957756022479,High Usage
2025-03-14 08:38:40.624328,8,4,2442.9814882411665,0.7730175234269226,28.29929530655688,High Usage
2025-03-14 09:08:40.624328,9,4,2588.542931294651,0.9183961325456765,30.91091766612951,High Usage
2025-03-14 09:38:40.624328,9,4,2559.4486440082956,0.7047863709193153,28.03071752985816,High Usage
2025-03-14 10:08:40.624328,10,4,1978.2721971174735,0.3065304392984972,25.79268782250091,Low Usage
2025-03-14 10:38:40.624328,10,4,1854.833891124838,0.22990406477154374,27.599543960102597,Low Usage
2025-03-14 11:08:40.624328,11,4,2101.1572485070465,0.3619000490092052,28.75456476801421,Low Usage
2025-03-14 11:38:40.624328,11,4,1962.409919722817,0.28411633351343185,26.569059472977248,Low Usage
2025-03-14 12:08:40.624328,12,4,2204.2105731904517,0.4553886367280238,23.645364664644745,Low Usage
2025-03-14 12:38:40.624328,12,4,2227.39943164698,0.31097853802941455,22.47808142277751,Low Usage
2025-03-14 13:08:40.624328,13,4,1813.846838130382,0.4909046420746934,20.853828694482996,Low Usage
2025-03-14 13:38:40.624328,13,4,2401.4984918030996,0.4350349365101964,23.392861906036888,Low Usage
2025-03-14 14:08:40.624328,14,4,2415.0708399702344,0.33278915414061583,23.910260353485334,Low Usage
2025-03-14 14:38:40.624328,14,4,2255.9112444039683,0.42875118341120705,22.602378870207804,Low Usage
2025-03-14 15:08:40.624328,15,4,2145.187887613147,0.48486157590230783,20.83105124955713,Low Usage
2025-03-14 15:38:40.624328,15,4,1812.823924865927,0.40068048755887387,20.476518469431774,Low Usage
2025-03-14 16:08:40.624328,16,4,2112.588864474402,0.3259028093258237,22.86882721371411,Low Usage
2025-03-14 16:38:40.624328,16,4,2421.0995932843607,0.3666679596807949,19.87121473471333,Low Usage
2025-03-14 17:08:40.624328,17,4,2253.8956764337468,0.6952173082869839,19.37738984542698,High Usage
2025-03-14 17:38:40.624328,17,4,2951.747828204525,0.8437397613138398,19.18702824687977,High Usage
2025-03-14 18:08:40.624328,18,4,2206.633168965837,0.8592015362901313,18.747602496739074,High Usage
2025-03-14 18:38:40.624328,18,4,2464.1026658485775,0.7418456051681126,21.891087044361836,High Usage
2025-03-14 19:08:40.624328,19,4,1982.582669298474,0.861050004892105,19.13567376091597,High Usage
2025-03-14 19:38:40.624328,19,4,2557.1780649690836,0.6986096608345106,19.417774633663562,High Usage
2025-03-14 20:08:40.624328,20,4,2396.941096129714,0.8632855932963859,19.1956792900179,High Usage
2025-03-14 20:38:40.624328,20,4,2051.3116765997597,0.841929286221103,19.774048416244373,High Usage
2025-03-14 21:08:40.624328,21,4,2123.2149555671463,0.2064389846786983,20.886409104862782,Low Usage
2025-03-14 21:38:40.624328,21,4,1632.218275181105,0.4685098955054017,23.61555330483947,Low Usage
2025-03-14 22:08:40.624328,22,4,1911.7250486833873,0.22275025427040268,22.578001287509263,Low Usage
2025-03-14 22:38:40.624328,22,4,2109.0236617667606,0.4751528976973467,16.925906414604967,Low Usage
2025-03-14 23:08:40.624328,23,4,2131.5193002221677,0.32787721267858405,25.373613352247325,Low Usage
2025-03-14 23:38:40.624328,23,4,1987.568470967183,0.2760516556548426,24.935859138752836,Low Usage
2025-03-15 00:08:40.624328,0,5,1564.332601195701,0.22771540450256164,23.333827305885258,Low Usage
2025-03-15 00:38:40.624328,0,5,1844.108915416994,0.3332036153242317,27.169025002157788,Low Usage
2025-03-15 01:08:40.624328,1,5,1834.5253291041008,0.1754911519862415,29.280638284121288,Low Usage
2025-03-15 01:38:40.624328,1,5,2078.7719964960525,0.18447206941825606,28.82589317331525,Low Usage
2025-03-15 02:08:40.624328,2,5,2047.2925867989961,0.34194020225173766,27.523490203669088,Low Usage
2025-03-15 02:38:40.624328,2,5,1980.484192251511,0.19883739933650768,27.09283081966106,Low Usage
2025-03-15 03:08:40.624328,3,5,1996.088691446192,0.17670562978546625,30.53351977796692,Low Usage
2025-03-15 03:38:40.624328,3,5,2139.243033197457,0.16613399325186368,31.94049384096946,Low Usage
2025-03-15 04:08:40.624328,4,5,1372.3849947052836,0.1999720759564902,32.8124712656156,Low Usage
2025-03-15 04:38:40.624328,4,5,2228.2468277420376,0.2933418798057412,30.181229805293636,Low Usage
2025-03-15 05:08:40.624328,5,5,2281.714916618548,0.33319840661739175,33.75820035399847,Low Usage
2025-03-15 05:38:40.624328,5,5,1523.7609472234128,0.22058595249975757,29.55477288440295,Low Usage
2025-03-15 06:08:40.624328,6,5,2754.2180172705544,0.6661055433950596,29.730871782192644,High Usage
2025-03-15 06:38:40.624328,6,5,2755.9653963942887,0.5261618984832501,28.373174088804152,Low Usage
2025-03-15 07:08:40.624328,7,5,2795.9667252047516,0.5409771693856102,31.24924540973689,Low Usage
2025-03-15 07:38:40.624328,7,5,2899.536332006951,0.50954602779973,30.8414346639803,Low Usage
2025-03-15 08:08:40.624328,8,5,2726.470469737491,0.626169235682604,32.70797340897552,High Usage
2025-03-15 08:38:40.624328,8,5,2999.8271596323652,0.6251820550211575,28.38599611102723,High Usage
2025-03-15 09:08:40.624328,9,5,2989.3299968811925,0.5408081475609567,25.309556762732907,Low Usage
2025-03-15 09:38:40.624328,9,5,2428.008468886844,0.5089813785461154,32.38881654976968,Low Usage
2025-03-15 10:08:40.624328,10,5,1936.9716021451563,0.14265756478581212,28.263701397808997,Low Usage
2025-03-15 10:38:40.624328,10,5,2086.959564608593,0.1408555353950106,25.077040895670375,Low Usage
2025-03-15 11:08:40.624328,11,5,1762.7574119366377,0.2516034558108341,26.837955042002953,Low Usage
2025-03-15 11:38:40.624328,11,5,1833.0392836522897,0.3265707404885276,28.916464001939534,Low Usage
2025-03-15 12:08:40.624328,12,5,1821.866607127914,0.293175333253884,27.11535909823855,Low Usage
2025-03-15 12:38:40.624328,12,5,1949.4635482597666,0.20286559746257557,25.980403741764093,Low Usage
2025-03-15 13:08:40.624328,13,5,2287.2998245126223,0.2965338261475183,22.864292738022765,Low Usage
2025-03-15 13:38:40.624328,13,5,2000.7265225559095,0.18250254507656113,23.449119311733096,Low Usage
2025-03-15 14:08:40.624328,14,5,1660.2218873984637,0.2970745493937242,25.414531424699632,Low Usage
2025-03-15 14:38:40.624328,14,5,2351.2759231151517,0.3309182514363949,22.964261473847703,Low Usage
2025-03-15 15:08:40.624328,15,5,1888.450203658647,0.2855353234340847,24.914029454555866,Low Usage
2025-03-15 15:38:40.624328,15,5,2346.024162656121,0.30149427425117103,22.709849560835156,Low Usage
2025-03-15 16:08:40.624328,16,5,1688.915998131841,0.1916891237371504,21.871351087438438,Low Usage
2025-03-15 16:38:40.624328,16,5,1969.3908125139094,0.15999187296626613,19.848655314544853,Low Usage
2025-03-15 17:08:40.624328,17,5,2565.975441768862,0.4712640165772947,20.772354308659676,Low Usage
2025-03-15 17:38:40.624328,17,5,2642.673031993966,0.5973076200980817,22.430014718284053,Low Usage
2025-03-15 18:08:40.624328,18,5,2534.938983498075,0.560876030742216,19.140235241573524,Low Usage
2025-03-15 18:38:40.624328,18,5,2732.018471878447,0.47699074804719266,22.66632814449347,Low Usage
2025-03-15 19:08:40.624328,19,5,2101.927731449253,0.6029898163714772,18.7393439088305,High Usage
2025-03-15 19:38:40.624328,19,5,2109.7382847871536,0.5922442494587733,18.24501711995518,Low Usage
2025-03-15 20:08:40.624328,20,5,2194.221124874295,0.6257706939192501,23.430653615187868,High Usage
2025-03-15 20:38:40.624328,20,5,2696.418549288412,0.6104360469939529,20.87644482082043,High Usage
2025-03-15 21:08:40.624328,21,5,2174.243791890674,0.3133354390608607,21.099046364704208,Low Usage
2025-03-15 21:38:40.624328,21,5,2017.6281483705307,0.16072204156535622,20.090867360325714,Low Usage
2025-03-15 22:08:40.624328,22,5,2268.368646746872,0.1599512660208387,21.523153291834483,Low Usage
2025-03-15 22:38:40.624328,22,5,2213.883498405906,0.21240174095696115,22.342946872193576,Low Usage
2025-03-15 23:08:40.624328,23,5,2115.7152466155753,0.3248901626824187,22.16840954688852,Low Usage
2025-03-15 23:38:40.624328,23,5,1953.561471963597,0.302889449824948,21.985571633138562,Low Usage
2025-03-16 00:08:40.624328,0,6,1537.5700744837968,0.2954122610169659,23.10093137135602,Low Usage
2025-03-16 00:38:40.624328,0,6,1980.6164200757191,0.20224707483331225,23.239424439688047,Low Usage
2025-03-16 01:08:40.624328,1,6,2281.6815906166335,0.3326639647334999,30.70448593366374,Low Usage
2025-03-16 01:38:40.624328,1,6,2092.1908589532723,0.1794464676654433,26.03719322293946,Low Usage
2025-03-16 02:08:40.624328,2,6,1707.3956942904665,0.1946175898511998,26.343103192886492,Low Usage
2025-03-16 02:38:40.624328,2,6,2254.114997660835,0.34647224023007334,31.514726819838646,Low Usage
2025-03-16 03:08:40.624328,3,6,2276.3125133913463,0.3205497069652206,31.509104145038986,Low Usage
2025-03-16 03:38:40.624328,3,6,2344.6540069005605,0.32456589970542765,27.869591586409072,Low Usage
2025-03-16 04:08:40.624328,4,6,2101.398958257199,0.15279796537596574,29.805714911657134,Low Usage
2025-03-16 04:38:40.624328,4,6,1966.3784824090885,0.32070505401780547,24.719650201636316,Low Usage
2025-03-16 05:08:40.624328,5,6,1886.2636844380086,0.21206523307855557,32.252321708632685,Low Usage
2025-03-16 05:38:40.624328,5,6,1976.5460097874566,0.20307727431116857,29.745091892879483,Low Usage
2025-03-16 06:08:40.624328,6,6,2422.096975352015,0.5240480927845588,30.485422593470393,Low Usage
2025-03-16 06:38:40.624328,6,6,2072.9616184889182,0.5588908028546055,24.98773845452407,Low Usage
2025-03-16 07:08:40.624328,7,6,2565.3913052023067,0.698565747476014,27.9548914415231,High Usage
2025-03-16 07:38:40.624328,7,6,2902.0558153827164,0.6423168405295039,28.104463715619246,High Usage
2025-03-16 08:08:40.624328,8,6,2763.109291352827,0.6263490690264487,29.97395008803019,High Usage
2025-03-16 08:38:40.624328,8,6,2378.9597763404113,0.4957646180527607,29.623362993153663,Low Usage
2025-03-16 09:08:40.624328,9,6,2914.6875399820397,0.4916017910726332,28.544475732761324,Low Usage
2025-03-16 09:38:40.624328,9,6,2717.631708353828,0.6630604671332936,27.22412182353734,High Usage
2025-03-16 10:08:40.624328,10,6,2047.6012550708838,0.24872230251531746,28.5594828511588,Low Usage
2025-03-16 10:38:40.624328,10,6,1832.5776691123679,0.30700820884139307,25.95353240651181,Low Usage
2025-03-16 11:08:40.624328,11,6,1719.2376399739137,0.24499604343764256,23.943586589025255,Low Usage
2025-03-16 11:38:40.624328,11,6,2276.5852428349576,0.31910511311147344,26.01677018025311,Low Usage
2025-03-16 12:08:40.624328,12,6,2039.0836915024347,0.2217771594131811,25.3111466265116,Low Usage
2025-03-16 12:38:40.624328,12,6,2218.5473398748463,0.18355191417909486,23.887556897765226,Low Usage
2025-03-16 13:08:40.624328,13,6,2147.608245280554,0.21520627110822485,26.219808581624896,Low Usage
2025-03-16 13:38:40.624328,13,6,1984.4684353187743,0.3250906969385763,22.645708212270907,Low Usage
2025-03-16 14:08:40.624328,14,6,2023.8067067300283,0.24838521761953894,22.57915966133923,Low Usage
2025-03-16 14:38:40.624328,14,6,2161.9577558086226,0.16416494704977627,23.616468072717097,Low Usage
2025-03-16 15:08:40.624328,15,6,1995.3430366694097,0.22575742172040236,21.00218608983412,Low Usage
2025-03-16 15:38:40.624328,15,6,1583.1088541826928,0.30296035965177476,21.212999680110343,Low Usage
2025-03-16 16:08:40.624328,16,6,2063.444522760885,0.15338392387394217,21.189130479531585,Low Usage
2025-03-16 16:38:40.624328,16,6,2007.2334785085543,0.338814280816467,21.294970536657278,Low Usage
2025-03-16 17:08:40.624328,17,6,2223.382545563121,0.4583407518538583,24.886146902337337,Low Usage
2025-03-16 17:38:40.624328,17,6,2316.186704187063,0.5404125853824195,18.46598214584145,Low Usage
2025-03-16 18:08:40.624328,18,6,2530.257197094684,0.48635036535968923,16.564948412373425,Low Usage
2025-03-16 18:38:40.624328,18,6,2182.6534041890823,0.4318741531640757,18.09598802751004,Low Usage
2025-03-16 19:08:40.624328,19,6,2484.358453198744,0.46951696473840987,17.46741277352742,Low Usage
2025-03-16 19:38:40.624328,19,6,2398.663381967389,0.5395334637936353,22.753028978828393,Low Usage
2025-03-16 20:08:40.624328,20,6,2379.028071714681,0.5144523937540691,18.182035333921466,Low Usage
2025-03-16 20:38:40.624328,20,6,2698.76089851789,0.5971990252643866,23.124129860276593,Low Usage
2025-03-16 21:08:40.624328,21,6,1771.9136456948238,0.32859347378032877,18.687808589251958,Low Usage
2025-03-16 21:38:40.624328,21,6,1900.0401773472186,0.28762757058251964,23.764478076306368,Low Usage
2025-03-16 22:08:40.624328,22,6,2019.5964963344327,0.16118749358754247,23.4704056808071,Low Usage
2025-03-16 22:38:40.624328,22,6,2070.8853415628732,0.2586560594189499,24.37538416458327,Low Usage
2025-03-16 23:08:40.624328,23,6,2318.609922594924,0.17707502146992563,22.97120993438299,Low Usage
2025-03-16 23:38:40.624328,23,6,1930.490943613929,0.3088607940200556,27.31329108764242,Low Usage
2025-03-17 00:08:40.624328,0,0,2429.7048684088495,0.4232951382014668,29.029181308751646,Low Usage
2025-03-17 00:38:40.624328,0,0,1784.1135166811,0.42954891454636945,22.69386326011425,Low Usage
2025-03-17 01:08:40.624328,1,0,1783.9289853987393,0.26127228380630474,29.847429174448486,Low Usage
2025-03-17 01:38:40.624328,1,0,1884.3914215296893,0.4454927427324108,23.328130290721457,Low Usage
2025-03-17 02:08:40.624328,2,0,2249.138475239298,0.47485996125515517,26.235700013645722,Low Usage
2025-03-17 02:38:40.624328,2,0,2307.678031379121,0.2529536037679377,24.51043588903372,Low Usage
2025-03-17 03:08:40.624328,3,0,2158.4050522885664,0.39557253507640644,25.960275262164682,Low Usage
2025-03-17 03:38:40.624328,3,0,1852.5547788477418,0.38542928570394874,29.263432893579402,Low Usage
2025-03-17 04:08:40.624328,4,0,1981.42388483085,0.24466061323214502,31.44072960215144,Low Usage
2025-03-17 04:38:40.624328,4,0,1845.6563591937836,0.4231048883111246,30.43200752517372,Low Usage
2025-03-17 05:08:40.624328,5,0,2105.371592868786,0.4270246170153935,32.61086068996916,Low Usage
2025-03-17 05:38:40.624328,5,0,1776.3917136467294,0.4596683709630652,27.525868391312535,Low Usage
2025-03-17 06:08:40.624328,6,0,2962.1487785438276,0.770595077846458,27.27804652220776,High Usage
2025-03-17 06:38:40.624328,6,0,2243.7494891462316,0.8557438655024024,30.701982902460887,High Usage
2025-03-17 07:08:40.624328,7,0,2895.583822123316,0.9004048582017148,29.521185689385394,High Usage
2025-03-17 07:38:40.624328,7,0,2680.8204654228643,0.709126646807928,27.479127786544208,High Usage
2025-03-17 08:08:40.624328,8,0,2484.0043302662675,0.7262087614520002,30.969269046080175,High Usage
2025-03-17 08:38:40.624328,8,0,2726.1779746274583,0.8227065510904974,31.884044226639965,High Usage
2025-03-17 09:08:40.624328,9,0,2732.8900190817467,0.7106699639708769,32.54880239270666,High Usage
2025-03-17 09:38:40.624328,9,0,2349.5893405987513,0.7724695739712989,26.52927414880957,High Usage
2025-03-17 10:08:40.624328,10,0,2303.6424767583294,0.21426967283040385,27.76951771062939,Low Usage
2025-03-17 10:38:40.624328,10,0,2329.3794196312347,0.4380996330193534,27.985779097757558,Low Usage
2025-03-17 11:08:40.624328,11,0,2152.769963179391,0.3670555476598335,26.444575633910283,Low Usage
2025-03-17 11:38:40.624328,11,0,1975.601599629282,0.36864173253731436,26.361188825118493,Low Usage
2025-03-17 12:08:40.624328,12,0,1849.0515525964518,0.21199151272126832,26.266306048434306,Low Usage
2025-03-17 12:38:40.624328,12,0,1773.7788134690632,0.4937894671886682,24.933451222659784,Low Usage
2025-03-17 13:08:40.624328,13,0,2224.5024314667457,0.30612560897112995,23.451759328488084,Low Usage
2025-03-17 13:38:40.624328,13,0,1625.1907450149538,0.3843034229548886,21.077949433384994,Low Usage
2025-03-17 14:08:40.624328,14,0,2225.2273314688246,0.37582693358203967,22.04999250922567,Low Usage
2025-03-17 14:38:40.624328,14,0,1964.4171659319416,0.24559447059736428,26.973747254087147,Low Usage
2025-03-17 15:08:40.624328,15,0,2172.0959657756166,0.21726855395185363,27.07715920209584,Low Usage
2025-03-17 15:38:40.624328,15,0,1841.9423670443489,0.2847515776353651,21.673146133640827,Low Usage
2025-03-17 16:08:40.624328,16,0,2064.859970474121,0.49950612357301416,19.12875408844337,Low Usage
2025-03-17 16:38:40.624328,16,0,1871.5923411385622,0.4997861530117556,17.91826065521216,Low Usage
2025-03-17 17:08:40.624328,17,0,2351.974027072032,0.768920872097981,19.640618471368548,High Usage
2025-03-17 17:38:40.624328,17,0,2100.8365798431937,0.8037615073527873,19.122557280517498,High Usage
2025-03-17 18:08:40.624328,18,0,2671.3976414383355,0.6035314514164037,19.318574638365796,High Usage
2025-03-17 18:38:40.624328,18,0,2225.4306018740326,0.7342426129488684,20.364048819445138,High Usage
2025-03-17 19:08:40.624328,19,0,2421.991555005495,0.7602291506851484,24.437786135267004,High Usage
2025-03-17 19:38:40.624328,19,0,2293.9402315616026,0.6245258744354644,20.675297397956086,High Usage
2025-03-17 20:08:40.624328,20,0,2300.297332693019,0.7673535587073479,23.043941736484904,High Usage
2025-03-17 20:38:40.624328,20,0,2172.358910340319,0.6802637667972911,25.788947247498946,High Usage
2025-03-17 21:08:40.624328,21,0,2479.099278678855,0.3989564723487101,20.450345000570998,Low Usage
2025-03-17 21:38:40.624328,21,0,2186.491871155786,0.4746282362849655,21.74994653658702,Low Usage
2025-03-17 22:08:40.624328,22,0,2037.786744117394,0.39166582491491597,19.117693249486177,Low Usage
2025-03-17 22:38:40.624328,22,0,2081.5729069660692,0.21609172872616983,20.271982359028566,Low Usage
2025-03-17 23:08:40.624328,23,0,1472.0730653068658,0.3099564013303465,21.476809706392466,Low Usage
2025-03-17 23:38:40.624328,23,0,2157.3949360384195,0.3307590950887369,23.909354052791787,Low Usage
2025-03-18 00:08:40.624328,0,1,1656.7596139199275,0.44001162339546784,25.502513872567814,Low Usage
